b06674d5f2135b4f296d25677a795f80,18ef078c925908094fa5302805a71cac,0.467610090971
76e176fafb7b912fce20dae5808c1692,f63e5dc51d33cebcc3f3156bca7caf05,0.0423572100699
45b2e6cf298a44ccfc7217aef466c65d,16090798e6130d0d85ce120032673b8b,0.312736272812
f20d4c2bf14232f75c333b82bd18f145,bd50e31242e9819db5074411a89f0716,0.155054569244
109f6578872dcb79c52b41b78cac1cb9,e0ca1e9323dab52277c1e342aabd2f2b,0.260897129774
f0f3337f13cc6d48084e63d504f07b3c,ca09e777b28eb9c7c77e49036ad76fdf,0.203423038125
04e2dd677f75f1bf12f028ee4b68e6cc,3a108ed3634d9c233ad6f1b316eb7c66,0.170952796936
73c1c6f405fa938c12f894814ada321f,cfbc862a8f4a1ae238edafb0ea530692,0.344718307257
79119f6bc35711f566bf19117c65ede7,802699f84b346d7aa27ade0b7375b533,0.084004573524
3e02df792e8525a7e7570e2adae452ce,80ffc3e4d332c10a659aadeeaff9d4e4,0.227560833097
07faa2f0c6a1a7a002d779bf0f1a69a2,3e2f8199f549a2ff23779e172665e1db,0.107950434089
44a210c1dd7882eaae201bbc98fcde90,aa74fbd62aedf8f7cb7bbb31d22e88c9,0.121243365109
acfb3cb8b098edce11d216911c6ee51d,2e9e8c9d9b41504dc980526dcc4547c0,0.24605089426
366c626755ad6849117881c747289b83,3afc54185c0bf1086200cff8e028f86a,0.0818545222282
e6649ef529c902f897175810e0477297,ac4b62958969351de2920c1c4dd1ae33,0.233573421836
f6782343536f97a5fb0bf77ccda84e18,648afa0dc658c6947a6243426ebb482f,0.177048563957
ed4366df8f0d247a32c6ae70003e75d4,feb55ec042802f776df9f9038b541f87,0.276415199041
709430d89fa2c5b7df429de439183cc8,049ec658ebade04ed24ea3b51d42a888,0.0752780288458
b4ea5d16feebb94d1b37a77e85eaf1d6,a3aecc9b6b7da836decc8991bc8fe125,0.0367461927235
66bb3c516453b4a9c5430f4307e9e06b,6b4776b7369cce75c143b8c4aa3ad8f9,0.106357887387
956d97a6b7168e87bf6c48280b36044b,205328320874fb42388d3abfdc83d2c7,0.141198262572
0ba8c662aba60e981b90304ffa8e605f,2e50deea360916c1297ec81460b4b948,0.139013066888
3208190ab82b7621a7d9c6d3ab8687a1,90a9005af01972e4ad6b84c5e1551261,0.204593151808
3442c426d3302141d841ba53d5b3cf1c,5dce57ae2fac33c6b9c1da688918a0e7,0.14256452024
5ccda79c9bca10dc20a02e3cce29bcd2,4db4583de9fadd60a648718d0c1f0c5a,0.0858913213015
ab2935caedb2b1f159866687738b8ddf,7f1bf3b44391b9593c75f97c6e358e1d,0.18034645915
c86645dad2735444d07510b40c8e691a,34b3c838bfb179e0746b88c5ee32479f,0.0382885038853
45c48e110b4576bda0db25e58efe8baf,cf48b335e43b8d802c921538ceaa718f,0.148650497198
a7bb89a5c34a86643ee224925118cfb1,27fa8588159754d067b0dd084f1e8148,0.188291490078
63f76d1bd32598f9cae613b079a10d71,5a723fad393396229acb15c5624b9ceb,0.186157807708
4c314809b16ee76a2dfcad781f5b32b6,1d5d744d1e24877e4155fd1728983e1c,0.157554492354
14ab779837b4141c051ee37e05b74657,81b6a71232ce3d824d372b87f468d35a,0.208986356854
aef7256ebb87d1d5de6ef74352ac1c15,2a8d65371923b50d6bc89dd9ee8d82d6,0.378880411386
74f11dcabf3f0dbef2b180683e2b461d,bac796cf58a20528236c35c95c52fed2,0.171256706119
485a916ae420b61fdae1356409ca78eb,3afb1dc3c598091e925ca706edc8776c,0.146126508713
4647c40cdc11e3e04244067ec513e072,ca0e2d1eb994524d88ba4239d0c40704,0.0514981113374
213dc6be2358821d1d9e9688c55ae73d,a11334c40c23c2a86d933cd1683d0a71,0.0300953388214
2000498d3e412963b996c8b663d5ea82,4f4c4cbeaf015783a255fef75548d411,0.274295687675
749eb465eae53cbbfeda0d8b6eb6d513,0ab655810a3b6e479003d648fc88064a,0.1408996135
5f344455ca45cc6c24004f349e628db2,20b07cf6ee04284d54fb55f554d8f23e,0.101250246167
82341d0261ec505e529e04b5b03f83f4,14f41589ad3baacf618bae212333d56b,0.0204122569412
d269d1844923927a38e11afe0edb0330,7d9b959e47258149e2627719b60b1ba0,0.0655116662383
9ca313d8c1d9e65f3ae5fc640fc09a17,4bb16987a5530c5de79ec494cfd56fcc,0.0835770666599
534911f4501deddcf524dfec245a31b3,78496e44a0c8157064a99aeef1211af5,0.100939363241
3abdbfb45dd2144c4eb32792f7f9be18,886478581de18383f4b8afdd588596c1,0.196317657828
d368af917b07f21943e4ec955e257777,d480f642570737acf49bb0c6007bc73d,0.239618510008
b4ea5d16feebb94d1b37a77e85eaf1d6,1d790d7f874c77167468a40f7418b5f4,0.0476960577071
b1e31ec6bc956e2b36720e5b09dc5395,19144621947910f2e92c9dd0035e0fa5,0.616815328598
ff060a84e6c21c72ec4eb4191a18ad32,5265c135761cb1d8582a023146495f83,0.284572809935
444921b00e5e280bad6153d9763900c4,4e9ec5ac24f3318e0edd2c368703dd39,0.260536581278
142ff74ae1e4671627b4ee7e6a12ce6a,8db9b9bfb7084f875f8f5bbfe7055a41,0.292765378952
b4a795f9ea0f2f3a14c49320a5be4760,bee9f8f5ef03c29eb8142faaa22e35e0,0.177935525775
22a16c721dbdb1a842de574f54aa2ddb,7277947f2293127bad74bd42ac17d8ea,0.167010784149
abea7ee6d7ff5bf8f9b0fbe38d6f126a,333f97cdf2f7fc9781565125faf9a03f,0.00147693278268
caf2a1c7ccc066b500fb45c792010e7d,73ec0c3fc29dd5d42bca3a4d393ca2a1,0.186716511846
c1fbedfa1075a41a0139869af8c1441d,64bd9f8a217cde73b3c18a66d6e58486,0.307875961065
2a4942261b93098c7832b684a82ac6c6,5c9ba04ebf6bc27458fa80ed267db71d,0.171610563993
d8cc54442c3936e3c99b9c021ac3beab,0eb0130fa0648be7027b50a853a3bff3,0.123651884496
16c7649d2658236e5eea90531437e719,04829a6ebf6de40fb6946ea6ca95b7f9,0.158466592431
21727e9c6fda8f45e70f7f23708f8b04,8a7633ceeaff3a780b7399049e92b41c,0.0871260017157
74f11dcabf3f0dbef2b180683e2b461d,d515fc060979a461f6a68865c6930f6e,0.356146663427
74c2500538153c48aeab85d2f4310a0c,db40512492ee9ffd64da27108ef84288,0.108384251595
bca5ea86afde3ebaae0a575de89fb12f,0c2ff7587db7e304ffaa1bfe9a8085eb,0.194541811943
3e4445ac376f991a18cb54efeed4ac86,55c7479883259b03f6787b7b3de920d8,0.180737644434
95847a8c4ae60d7e4fa705551faa0d6d,5d8aef09ed0fd77d826ed9646f9f25de,0.154560655355
4a41579febc9e43c197ca384d7c63445,6860f64f6d46467388cbc324879c8def,0.139861822128
04e2dd677f75f1bf12f028ee4b68e6cc,b7fa042a2814bfa353e80ab46f59a638,0.188862726092
74f11dcabf3f0dbef2b180683e2b461d,b5b05be558bf01709b63d4a3eb4127b5,0.172645032406
eb401f7bcfe56523a8d862dadb579ef9,a362061e25c4a18681da662f29ac0415,0.115725599229
3208190ab82b7621a7d9c6d3ab8687a1,19f10450eace694e763118256727c8b6,0.211844578385
e50cee6406b2f3b13db29881a945907e,324b667a524fa0bc24c2ce7856e4013f,0.169749766588
663071f8040dfb1e4ba5c393ea765a31,8e23f42af46a2a85a06f3135969e499a,0.173027157784
6928456febe78441e4df6dfcbfabfe73,4df8f6de855cad1152d41d3e48fa2480,0.0809020251036
fb5a446408664e7d1b2788b09e977d4b,cda2a799d56244b1e2d917110afb8e01,0.161832898855
dbbb6689066136cfd75736004fdc4c15,f699742e28b1692ef84eb59fbb55068e,0.00892194826156
1e28dacfdfbc17e6df612a8131601e7b,1110f920b623de92a26be8cf8ccba13a,0.122911475599
8b9c344eb214cc9aa2fe23a34db3c308,7d3a01957e6636df2cca431e96a35803,0.180723592639
04f5b6d497cd0059f8f09a9b3563dcb2,36ee025e57cba653f3c7635e555802f8,0.172965303063
b1e31ec6bc956e2b36720e5b09dc5395,837733febc3cd3dcc882cc230308ab26,0.3925819695
866050db6fbea1926475b0bb2a739b21,65e651505a0994d4299e6aadfaa4015c,0.314751446247
db45b5acc8a5ef539e494a859ce1b310,f6de5c7b23b4fd43a02e10b08a7642f2,0.105742007494
95b0405206d15ae55b8155d115e23edd,f76ed29729a5b6e6fb5dd71d355f964c,0.0992867052555
e0507f951f3d34c7f694b4055e5f093a,c6ca4fe99d8f9e9185034e635e70b0d2,0.0878239348531
c7d3cf77dee47b077564c29a95a0dc69,ccda3605be0d9dc556f9ad3bc0c55d28,0.0972286313772
82341d0261ec505e529e04b5b03f83f4,610209cc896aa421cbf8b370bb4b9343,0.0270953234285
a5659b3e898d4d4fbb7f6a15c6783e26,adc77960bec89015ce14b78efed9ef0e,0.024443840608
f66bf349798980e234753f24dc93cdfb,f6d531ab7fd1ed74531a3f5b13542f52,0.210055932403
dec4e0e9b051309f6c17440e4e2570c0,ca09e777b28eb9c7c77e49036ad76fdf,0.247567564249
255c5df25d66fcfb5b71e17cbe99c9dc,f0a830722b8b3ae70031a949f3c44d30,0.0762864798307
6208ed4e3bbd67eaf52acbf4fb40436e,2977ff441628562fe18d9d7156a206d3,0.0750700011849
cb889fbba27c934d1a6797cbaa459477,95baf8b03003807dbbc97ca5897d1e63,0.169925764203
4a41579febc9e43c197ca384d7c63445,12496bb212aa36ca3bd34b7173329e98,0.139330103993
168304fd7743f4fa8258e4327faa74d0,f449e88311537092f4f6df1e4f19903d,0.0681639388204
f5934786bcdf75cd19e70694415bae36,4d0c5d4729a76b5caae42aa14dcfb94a,0.254445999861
addd35f2aa6ba98af38edec82ddba724,110febdce70d2edd92099bfe6c2a9f26,0.111557297409
46f779646570a1e44f228044d18bdbc1,278b63b4e62aedea23facfe49e1859ff,0.245788499713
37b54ca15234e155c69eb469be07750f,9acdb9361e727ea8ee69ca78f5d41d8b,0.125033318996
2f7e92168e317aabafe9774b8a2bdd6e,fcc762b6a3229643db27c1df9919fb12,0.151523649693
b57deb1c7bf8f2f79a251ceeda7efe07,34d5044e3c882ff3a39558181d5b2e80,0.246351107955
ec27f20ecb3b607e9717abf751dc97e6,03cb47fb56ff8cdbdcbc82394bc193f8,0.178321734071
3d31e9a8328518f98d00beabfd7ce337,daaf58540c6e773975fc1098c6aac16e,0.0629612579942
d269d1844923927a38e11afe0edb0330,0d30a00ca68dc1d81738689658be8296,0.0601251982152
caa413b9e2a6ea88bcedd0162dc75b80,a64279be60b38da65755cdde9aee0dfd,0.0543214194477
b4a795f9ea0f2f3a14c49320a5be4760,6d876aa5d7f7d489fd9fe0706c528801,0.09727524966
ce1551612ed0aafa5d73f1ae29c3b952,c946a7073af9f4982351c9e3b66758ae,0.0296774506569
8906802ae8120cbb5f727e7a1eb57719,5ff0137e3ca0509590e294c253ba7ffc,0.194029211998
361d931590ff5b4282749f3a241fd071,edd061d64ed807dffc92d8c5853ec253,0.136666670442
58b2e77265859e3bde1d55bee87f7a01,e1a6a83c314b3f09baf381b1ae79bbd5,0.0917623862624
271086b561f3fda3675aabf7c2833203,e97b0de86ab3d408302edadad8722c5b,0.63736218214
a337fe65b380e7f7f5ea30673225828c,9d66fd38fa6321b63a9f966d72f6ea9f,0.160174071789
04e2dd677f75f1bf12f028ee4b68e6cc,e7776ab0bd1bab977a8151c3591afc9c,0.105992175639
72e2144542abf2162f453b0e0928bd2c,98295df4e7cc231e556b03503350546a,0.267072767019
406aafa2e4335fef901c482f869a7e61,9d54b97ca65e3c353d945adb3523d0a0,0.156973928213
05199378a28c73527a86e4ef7e1da9a4,246304820007e991d599a66abcc8d4e2,0.0721446275711
68e1d8c8272725156b7942f6ba98ca83,e5c858b959f1232983a8f611c50b326c,0.199566155672
eca953d1145a6e2c85caa565ea7e4ed6,d7a840d660dda3841a633b2680411962,0.154223293066
941d181f71cc229e3c19b559ea3a0171,a3d8f9d8748019153408a02c162072b2,0.19430822134
6208ed4e3bbd67eaf52acbf4fb40436e,ce6ad1dd9b001d7ef8558eb52eb5ff86,0.0468320250511
7507dc5a65e73c9dd16a1c00847b69a1,f406326938f591da9effc6528d584cb0,0.102812290192
14ab779837b4141c051ee37e05b74657,b4e4ad15024da85706d7bfae4586a93d,0.254708051682
f8b0391ea36a8afb1b6708d0bcdd5a7c,d7cbf589888df27ffa405435c37f23c5,0.0949475243688
422fe5f874f5b25701417d0f5d88bfc3,6f9f5257c9a8d8f712cfd4c755971e5c,0.0218243356794
362b2ca490f2cdefe9d35ef6e01c1a5a,03435853c3fddd9c1af5ca8009f2bb42,0.328515470028
4915480617ec5468aa3a9e4de00f20fb,b38bac8a2cf5155a93b89d7890e6bbc4,0.0904505029321
e9cf7430e60c4fd09d8432318913dabf,f8596c8951a561df28e11c046f77b3c3,0.0308410227299
a6ccb1c11e374eff1e1051c4dee01c6c,2892d72a771133346b8562ec03b16454,0.185705065727
59833fd947dd5563cce6caf7c01eb117,abb1a7640d94e58c6a60ca93f1651b2a,0.110437437892
b48166aec8dd78f1fc0a895629708dc4,192040de0064c1ed9e27f385adb1f5cb,0.252774178982
e8d34d431a41d8b6238472a5ddf0e592,040fc4c780fc365ff167cc031c83ffa7,0.097298681736
fb43c43d1231d6db6bf0990ffb0bf91a,bcc281f492ce9bc825c642c0ecc55ff2,0.155419483781
fb23209c57ca9071f6390037248e9553,81b6a71232ce3d824d372b87f468d35a,0.209305658937
0f9d946582981098ce20e3fe5e3ea879,eea3b97f25e23b12fe06d9f628ccfb4a,0.00153828260954
ab8caeaefc90b2d74f7ded62f1095818,b4a190312f815ffd3b03ef074e79594a,0.0724483579397
1d75ef2319f9d48d9216d9c8a9ab1889,f59379d5366af556a1c498ac6072e244,0.471900224686
522d05141cf3b807e17c3095acf48198,cd8141b44d7d97bd70bb63e06e5d346c,0.181835770607
055f88b9239d79ef8e19efa2b60eebda,30df9c974593c7bd9d0b165304aef00d,0.261696994305
08c3a1126c25abdeeb66cbb7b033c03a,8bee45d03cf720d52cb4c75f970fadab,0.273000746965
59bcc06627ca7ab97119a370241ab34c,e2426265ffa21705308ebb75790c67de,0.155425235629
55f16b4a5fd613ee15e5173bc69e727e,d21daf1b9dc3a173f92daf5b560eaed1,0.324107468128
dc0827c9558b445c042e9c31965b9654,94d5a7b9cfc4133ef7ea681d57435dc0,0.110664099455
09fd8c78dc774cb47f3135fb5b44a717,e8046f60bac021c8328c58955d395520,0.0127715729177
8104b8c64e6b42002d168817c8fe1bac,8c056684d33bb2d3224e20578eadcaec,0.221016451716
3bc18dfe6c50d587e40a0dd8592ddef3,34e6b268938766f853bd2ffa4943abc6,0.0874561816454
af3a586a2d66bedb945dbe1f6580986e,7da63894f6529a692d50c6dd9d0ba521,0.058508336544
ba1b962ee0b68ad255d9d9b8bc8dffa2,1c95974c4fcf9bf9812257988f6dd4d2,0.242846652865
255c5df25d66fcfb5b71e17cbe99c9dc,c5cf89dbc720d523d08776a359b4dd5f,0.0343625508249
2e93b3643d375a4427cc25e9cdc10656,8122150aba362e8526187daa09d6d34c,0.0508446134627
621a12089bf24dadf0c20d681c027534,18a86ee7087ca31102375ea034682efb,0.159933403134
e4bf4fcadf601d0cc094549181084482,d211742288d0a8897326956e2c1083af,0.0875454619527
bf187ebc707e9d8c1cff6bbe87d99390,b07ea0ac1b7eb2094f78a52595807ad0,0.15816731751
45c48e110b4576bda0db25e58efe8baf,8279f02060af135a32ca67bad7646846,0.136062264442
8376e6b1f4c0d450382e03ca36da61a6,e8b7012c2badf1c08ee0ad10a07d5dc2,0.110194139183
04e2dd677f75f1bf12f028ee4b68e6cc,72e2cb5547e3cc145aaa3e06d7589503,0.189644262195
0bf1d1d2188fb104cfcf0821ff8ddf3c,503645e2ac6892369110212157609606,0.323042035103
31bc638fd3e8f06c3f683e8c407d8d47,9275720a1e6876d5ca1e39b0487e9ded,0.220497429371
1a8d5bc46faba6483009db74a66a888c,ad1ee81612634fa053eaee8525d45111,0.215971410275
a2d0dc2db3333c32f4850b797306c0a9,0de6dacddd4d369d02f9a4977a92b8b9,0.15797623992
4f3dce3247693dfce3cf2eb7a1250294,66777ced3c496cf5273b24004d965108,0.140514940023
35fe4996d442f6c5eed3bc1dcc433e8a,8259850c12ca7850b41c7664c3ca1311,0.00144790229388
bf143d966b33805d362e08c419cd1e0c,56969f62c56403fa56b3c12343165c34,0.104205206037
a0738461bcb6703aadbf73be2eb322ca,3ba194c606c00262fbe26693c0341399,0.722075879574
014bea6807b416503b3a099ba44d3046,54842f99c5c515121749ef190e5c1466,0.133483305573
12317e23350ac10376d6ecfef00b120f,5534d09c1c80bf2e05b468ed3bc9e28d,0.182439178228
599bc8c2d8a2f0273ae861dad73c358f,1cfd9cc9a2e4ab7f3bb23c882e95940f,0.0882386192679
6b636b8fb843d27e0fe5b312eee359e7,e42736a40cde206c6c9fba50024c48ba,0.147377029061
abcdda921e6aaf378da530881386889b,75cdb65e6a6ac490a3f2c6787ca8f44b,0.133823826909
361d931590ff5b4282749f3a241fd071,724ddff701f6b9326320702d5bf74cb4,0.170607596636
a5ab8d6802e0fd39a3e65faeef9e0bbe,7e46389352f0cfc9f39ef9b8a4ee60cf,0.143794342875
51f4b0fdfa7d0f958daf495eb6786b5d,010118afc4fd43fd6f4f5010f5a40bb7,0.154839113355
920be5ac578d4b03cdd75f402bc34810,a332d3a8bbb1d92787103466de03a529,0.0658737421036
b06674d5f2135b4f296d25677a795f80,aea80f9c17fce798ac3cda32129d7f43,0.456868946552
59b623938dd0151436e22f2cf65462e9,64e2cce3af32d67e86a29fd848e6a711,0.0162658747286
bca5ea86afde3ebaae0a575de89fb12f,82a50185cdea724edb0be0d967197d08,0.262604981661
549cef934d26187a0d7c8eb6008198e6,838bb1fbad8b484a97191986c844a20f,0.14169383049
e3cd5546fa63fe120810c8971ccc532c,f7054d0ea98bb5e18c916d4e9dad7fd8,0.0903245136142
c3893943928c7db1e32a1d9c5bfb13af,26d2d4359c96c586a14b4ca088e3a407,0.225273102522
88f144232c4bf6a42be4252101d9c790,c203fa2b0218c539b64826f86dcca0a0,0.20290106535
3d19db9cf13daa08cdc1275a1249e0af,7b7bcc56d9b6a2eabb107f297cf2c0fc,0.208707645535
86185bc7e54d2b830611e6610881ea0d,d59fcb3eedeedbdfb750b90efb939f66,0.140844300389
08c3a1126c25abdeeb66cbb7b033c03a,5456af4bc6c455e1ca19e8dd81da9acd,0.170789271593
0ba8c662aba60e981b90304ffa8e605f,c0d9005df4bc807f4e0c985d397e7212,0.156179755926
271086b561f3fda3675aabf7c2833203,2a2e718c6d79b8a7893c7fa1584d8e2f,0.555613994598
854feca0131b290b0e021f3aac09133b,139464b99306b4dc4bac1a201aecc628,0.06737536937
eca953d1145a6e2c85caa565ea7e4ed6,7cf6887d94663863779a2e6527f0ddf1,0.207868412137
dea106a634c4cf8f892ba9821120d114,e446dd9f14949f493fc16f5af927a591,0.0781747028232
98e6d22381d2bc297a797a32b0138eb7,3fa6da1a78a0550dee6bc69a27ef4503,0.146337762475
e3cd5546fa63fe120810c8971ccc532c,2f6d85b5895bc7932e39b5c5df8cd9dd,0.10012935102
214728e04e368923b340fd7d4741e682,6b4475874eed3d3d280dd4dfc323c82c,0.211813166738
30dcd7e5996cf5cd322cd18b88522040,fe140ed77eadab2225ee5b369a206569,0.0968470722437
22b8ba8f01ce8d2f15ef1fdb4c431399,a830218e6f11a38755cf73d4cb278a37,0.0810375362635
dffedfa38909c37b877359cfd8eb1fad,5a2b31cc7c0dc81d938235a06cb72863,0.0878821536899
acbe877f39b484088d884710d2e92b03,a20c5aae2eeeb57c5014c7e1e353e906,0.145541459322
b3a17d0d5dec3e589222ad1699144240,0d8bcbb69501039637a29fb8b286cad0,0.0329297482967
0bf1d1d2188fb104cfcf0821ff8ddf3c,22f332df3d2c7d15d01ee0e3b50fc2d5,0.481492131948
28dec909163688b31e9defd4a0d1cc25,373ef921a41b6c8ffdccde11c73cada1,0.104517653584
0393ebe6278e2939eb4d4abdfeb91480,f57a2b8cb58a51be914848f23e02a79c,0.13180051744
b036288a5de7e80fcadfcf3a9b738bb7,9275720a1e6876d5ca1e39b0487e9ded,0.127292692661
8b11bc9330ad810e111737a94b50cb01,8cbdd6b3da72bbcb0a15b27a10cd65b4,0.127218231559
832ef551cdcd8592747e1b8e58c050d3,831f4765329d67f45ef49f07c7e06dc2,0.348871767521
d80947650874770d10e38c459bb973e6,7fc8ea573de544cab1b338aa386a4bb8,0.158412888646
1f3be604a940fb25f66634d36f29c166,a16c03c0bf12f8b9cc41fe2c5c438102,0.188889935613
1a0067cf8097d03aba090543dbaf2d1e,1d5adedcbcb08e2e2a23b450624adbcb,0.193189755082
0f35fbcc3fbf53e37ba31f1d63fb92df,b8d9ad36ba616ff98af361eafbb9ff7e,0.112078405917
a844dd096c370c8f038af43a8626f9b2,8be65779793d2f5bba34bf6e40d8d8a9,0.341221094131
707475822c52524bea3a1d147b60047f,1b3df969aa7ab6235d01bc2fbdb1accd,0.275979101658
ab5618502706ee96b585e2b7d9e1c0cd,3fa6da1a78a0550dee6bc69a27ef4503,0.302611559629
b06674d5f2135b4f296d25677a795f80,a7caa5d770c86c8eeac4a6025bf1eb6b,0.463081777096
04e2dd677f75f1bf12f028ee4b68e6cc,a39ad6e8bef8a489fc70c55c8b81a670,0.227859064937
a308f1eeca2ad100edfd4751565fe253,aa74fbd62aedf8f7cb7bbb31d22e88c9,0.147838175297
2e93b3643d375a4427cc25e9cdc10656,33f4b3885cc1fccc299b11fbab18cb29,0.0682964548469
f989be8014be7ab2f944a18af2ca4e15,3237ced515f6178d6e17918eb4956f24,0.0484477728605
9dca81c9b8a9b1a9b9dd80d6e8890378,2a2949c4f2dab75329149d14bdc8ffe2,0.173943981528
0e9064c024b284007afcd44457c81a07,4edf89044f81cb99758be10d4636cdbc,0.264573603868
870b1a29f31c4ea766b5e367d3121820,5d75ece1e8931ef4279837d667a34a7a,0.178575798869
25d769e0ee4a62e21950f36dc1bedf6f,d8f014762265b28b03f405b76301ba89,0.0920103490353
067add5fe256e466d3eb0fd91ba3ced0,7d1cc884029d3128f35f75cac2d4f2a6,0.19030252099
1ada2d6aa0081e2ae73ef2ec9d81e6c5,5ab4c9d83a403fd0f79f6ceb5e509aa3,0.157335415483
34f07a59752822103c92018ffcce6042,df82230205594526276c20af575b14b7,0.116708263755
86362cdf2e7ed63be6a8c91ac10481da,b4f28137a394e75020eb190dcfce2bb6,0.163693547249
68c62391b0803501af57af46d3f79c36,521959d0d9a8ad862a3945838f4392de,0.109678298235
5aab9d0f1d3db4d4c2c49f8b4a327489,17cba64ba9e4ed453f532ac41c400911,0.144320726395
1a0067cf8097d03aba090543dbaf2d1e,a223498b265965195970c3f5d37a565d,0.127270787954
0ec2391c963bded5cd83975ca36819a7,6fbc9962f6f93da36ea60b90699f4dcb,0.0589260570705
d2913a9314ecb92436e9777bb93c6a4c,25728fb3148320d3f18f248c9793fbb9,0.0827579721808
f75af819d1c3482b54751a915b2c1dcc,bca6d55afaec1d4e88fadaff8ee7f539,0.169648319483
47abc379fa045ed22bdfdf814a06018c,0e257e0021a3b1b245a2afd2c878ff75,0.17024743557
7b952a6a84d19eae10422a27a9623224,80679c1b489359f8895c706b66cddbb8,0.0700696483254
c240f734bf7aefac4e75970a568fac77,defd65ce0a11e2c19d0f84eacf808265,0.240990132093
69773cb728a9f2283133144e8db6a595,5cea8cda42b1657aca02a6ffb812dcdf,0.0966162532568
90159be0a07e383af52c76f8853ece00,386d01612b0aed746731b51adc342383,0.139563947916
bd83d08e8a2d5ae4834c04ef7b876f31,5ea28d1d89e03122a63d128186bed6ed,0.212634369731
6f6885cf5e30783cf4380493d0716a2f,40ed3687b6b4e89555d8814283a04249,0.406683385372
07faa2f0c6a1a7a002d779bf0f1a69a2,edf0ed8f8c92e36413cbc120c56be232,0.124487273395
08c3a1126c25abdeeb66cbb7b033c03a,5bf7dd6c2e8afc3a8561cc2c4fe53f26,0.152532026172
0c2dfaad9d75ccf45bf03856eaf21600,ccd4efde4df38c43fe33d13d9f46ac0c,0.224525988102
929e035befdd897e56565aca83b56e46,e518cb61fe730276f639359c212c5c06,0.13907673955
1e780b1ff880709e502d60536d77ff55,493e18d1eac455c38795f262a7708b31,0.219658851624
0c36ddacaa65d73894dd86b2f86372f7,0cb76d71467607dd2a4aa78b6c1be0e2,0.2352065593
f065d19759a9e828bae651a5889c9987,d625534a5064b7d049ed133d01469591,0.0613642856479
6f6885cf5e30783cf4380493d0716a2f,e1d5a2a087bf5db849ebdbb37f9b04cd,0.132099375129
c181348b1ee3db40681ef4e2da0c8808,7d2b4506864dacf0f2cb205c4e41a1f6,0.147683292627
ae51d0ec13604a6d9c71d32b0985aee6,ea4412d7eae44c6ce733419611027fb3,0.0966205000877
6cec81ad8ac017499761716dba02563a,8decea24222c3432fe79b96fb33e2203,0.114671707153
08224d8227aea7c7e55fd0b3dc50f4f3,a141edfb3d62d810b0b131cea028d055,0.123475186527
8ec27f3a9ee10373023f6f5396792082,a336fd970a884e681bf8ddab380df9c5,0.168736502528
7eef644476a16a6149d6419ca79b5600,df0f9f0b10569523920684dc99fa64f9,0.110814101994
7107d0a411b4ac12d738f69fff95aa15,f0b7654a91801947c3488c0d4474b7a3,0.133637562394
9c626e81bee20eb2ad8ae313ee9e6865,126f41c5636c08d2a2e2fa5a97074dcb,0.221933856606
fd3f4d2059f61c3cd1b4d431a35c9281,0612409a8a2f381989f8d8e4ad359619,0.164627075195
93e1d6f8a990e7450378516e6e8c08cd,7cf6887d94663863779a2e6527f0ddf1,0.181430384517
11745aa21578b27a2902c21059e153da,a9dfe6d090426a30bcdcc7f03d1b9f7e,0.0648432523012
64a9565b64f35e54f210015077d946b9,bfb7eb4bd0317c29ec2a843c9de17dda,0.157324120402
0ec2391c963bded5cd83975ca36819a7,8decea24222c3432fe79b96fb33e2203,0.0951018184423
19c486703822ce8140c30a5996d2777f,3beafbddeaa5bdd97957dfe94c5b96fe,0.12544927001
22b8ba8f01ce8d2f15ef1fdb4c431399,37d61dfe4b2666fad3f2e0beed01bcfd,0.139637574553
879747afa0798d0291856861fdc73ece,ad8f48bc83e4f9ff11b4fdf70090be1d,0.172514244914
5986b0b020d864ec80099357f9c445c5,ffb46cf90b61ac41590cdd282f5afdb2,0.100596934557
45e9b63a02669e415eac87872ae0aa8b,44bdacd637fc289f4146c51461e0f09c,0.05911590904
86362cdf2e7ed63be6a8c91ac10481da,d37540d651dbaef92dafba2446b44eba,0.157250225544
6928456febe78441e4df6dfcbfabfe73,8e0b218aba21259338c99623a00ef99d,0.088291503489
e5b78e77c1ebae5689b63e4ab0d82990,d01ddefc0e2407525d86e5da14b7dc86,0.272281676531
3bb274672b35a17fb4c03600bb7e109d,bd5c5fd2dd82b50708aa47aafac55bb1,0.112579666078
90e9c53b7aa209109c295a85e517ffa7,2040328077942f59f90fd48c2705ad88,0.108715564013
8b11bc9330ad810e111737a94b50cb01,800df032c401b55a9e476b380ebe7de4,0.0882562473416
6cbb0af0d99870221b83c495df2e24cd,597fe391fb961b2c14fac248f1e11173,0.237116962671
4a94a79dd06f93b10f26db0825397e24,d1a61f4f98c6a08f65dd34362426eb6e,0.154670611024
bcc22cf1c681f80eb804c68c7ce6050e,607fde2daca867d64242ca6244d2e74b,0.157229349017
b72d5055d64b3e170fac30a9cd176e29,c8f5744fa5d10ba674a2d191e1e7816e,0.283345341682
f18ae73279e854ce6a3c993b012ce690,15cdde4e8e82a3fb2ab14175c57e0ce6,0.413452446461
3748d27ea7f8a6fb3df8da461f6d6422,0136f7ed003eeb7cef0ff9e943411104,0.23126411438
b2739a870bc71589827e8ab89c18208e,edcc6438cebcb25ac45645020a7abdab,0.0988432019949
4484b111cef5086fba022b00e2561ba1,082776b3c93687e36fcc6ab3a54fef9e,0.126764371991
f18ae73279e854ce6a3c993b012ce690,bed6936cd49d6ed000411f379e2b23ae,0.329815298319
d757988e4c290dc053b45f70c0ae8a46,80ffc3e4d332c10a659aadeeaff9d4e4,0.18736679852
5ad453c159eaecead2c5a2115d1c8a6e,7643a3d72ad2221b129effa128294b71,0.301808953285
374a3aee598db2d4d35357f0d71eea36,91abe4dcba084c29004b6f613cc415fb,0.0295829940587
8162887c4b3eb32615a96bcf9ac202c9,95408d8db2fcec9bd805cd05668e24e3,0.0473226942122
3461879e8b67f1f9e08882f7f1fd3db1,7413012dd22d3a37b7bdc2ebe8480865,0.302850008011
4892c7ebe01900e10c23a35974a942e0,6beb4df24f7dd6fb5caa5afea437c2f0,0.107939340174
c0e85b59a6f7dbd92c489be1aea97b20,b7671bfc4f32320053db7ff8df47d7f3,0.176287531853
0b3ed7dcb6b3d82c7c5aacbd71f9d88d,83725ce6deb0243ade963243d76928bd,0.0793930664659
2d719170cdc123a6cdaa6e21e00590bd,af53ef1e66f12f2de533f1c75e1d6ae6,0.102538794279
0ccba6ac2c2f6396132b22c45ed093ba,8c2f3ce9bea08f0eae688f18ee63b7df,0.198018908501
04e2dd677f75f1bf12f028ee4b68e6cc,d9c188c764094a0fb1d00b060bfbc2c2,0.150454267859
938051ffae9146013617ac6306808563,16c6f79e40a0b9b4c606579d0e698adb,0.165289074183
04e2dd677f75f1bf12f028ee4b68e6cc,899419e647a2528217710b8420df39bf,0.150991484523
6208ed4e3bbd67eaf52acbf4fb40436e,a12ad5170274f4ab4c5e4094c8429204,0.0456527806818
873ea2d878478b0cc6f457456fe04e66,a0b24d8808a1dc4987213a183743f9ee,0.180382668972
c2e6fa8e4e0aaa7e551589ca941e45b0,c727b2d2ce548cd13adfd4ee95b89d78,0.292601138353
b72d5055d64b3e170fac30a9cd176e29,297e1a8c642d0e5e70650ba374f6d733,0.16528609395
879747afa0798d0291856861fdc73ece,5f3e70931af5fb7942aa0a1baf8f5c95,0.201990276575
fb43c43d1231d6db6bf0990ffb0bf91a,be55307e0e51fbe20e79ddcab4d9179f,0.200106397271
879747afa0798d0291856861fdc73ece,e53dc735da5461c6d5d612fc790f1ef7,0.177462771535
194d9f846cf26f971a69f3f5cdf03f66,98b69ec025b6ce571e027b46d97c0d84,0.890473365784
bc9a44849bd7377e251dca1e969bba63,4b79837f96c0e9701920750ee04c27b6,0.158591136336
ac390644fdbd6bc8dc9731687418ecef,7b6f0437107e528f61fbf0acc1d81de6,0.258483350277
4ad60e43eeac53874e8756774eb24587,717ee3c32e651d91dcb953527253207f,0.0321060195565
bf143d966b33805d362e08c419cd1e0c,4caa530ec4681be88544d762be7fd00c,0.150424107909
f8f1237c3bb7490a19aef69f6064b92b,836f838d3ea04e0296c72c9a797c0a42,0.29651632905
7882e4329244284340722e603dad92b0,aa4f83442344a2a3a8f42789926334d9,0.222143769264
81d6e067b82871e753ac35416727cd95,aa87ef88ecde799a7448bb0c455aa903,0.147652074695
78ab1049621aad3216a3318f7344568c,bc7f5ab5abc080e48192f7629b46976c,0.0535360276699
047863c3e432367f1b67d4224edcd734,1d79cbc66c94973e41f0f545115a9b3f,0.184070110321
0db04ddcdbd114751b38bfa6bb643f3f,ad085675296aa6f14e3091e24524c0b7,0.0738610327244
b1e31ec6bc956e2b36720e5b09dc5395,5c7cac6b8b46dd919c8d0beaaa0bc8f1,0.273120522499
d08ec4e8f6285b12636dd9080a97a00e,8c39e3acd07f6df6fbf0da9011a88dd5,0.0651836618781
9678f2c4cb6e1d76cfa7238c4bd3b4cf,66ad715eb6d4e69e7cddcfb2ce77d230,0.218577861786
e8d34d431a41d8b6238472a5ddf0e592,48c96f9898ab2b80bb6cc4f6aa8464fd,0.0850843042135
6cec81ad8ac017499761716dba02563a,5b4745dfacc9189d43a4cca4d6ff7564,0.115248166025
4a8ca2560ffec1770fdb53833279e74c,f05542d39a28820ec4b27904292a8d04,0.100229501724
525cc8988f47c74ef4fc3f179768df32,1642231ccaaee5d70f4196b9dae4fb60,0.147084549069
3e02df792e8525a7e7570e2adae452ce,58ee828d516ccae2af109d4e4d231eb2,0.187070041895
8744c14bfd44279a3232188419e81de7,cdde5df51f0ceb10b8741e7f6d50a049,0.401421129704
79adf26c32ced4e55865e2b7cad4d303,eb4910a14d6774041c7d75d01f0f3a31,0.288958221674
e0507f951f3d34c7f694b4055e5f093a,dffbbda964e9b2bebfc1ae174acc1842,0.0830493047833
4b3d82b0d9cac0bc6b5bf62e993563d9,73b0677dc04f18b07f00b6b757824fa4,0.153865009546
04e2dd677f75f1bf12f028ee4b68e6cc,e49c5ec3c7846e16d0e3e73b6fc7008b,0.200229376554
e8d34d431a41d8b6238472a5ddf0e592,388cda4541c73a08b542a18bacf24573,0.10666192323
5b9b8a7daaa0b07bb9566975e8cb0e91,173dbb07d978027ea792fb00cf1b68f4,0.321975558996
ac63c84b92ab5d0a371e61d4eafe6cb8,637dcb187b4e0331a335a99a51c5d39e,0.105001181364
f3d47ef881d34480e77a363a873fb5b3,c78dd60ebfd59f550855836d0f7e8a61,0.0968245044351
b06674d5f2135b4f296d25677a795f80,76c952aa2ee348114659ac90b0f4ad55,0.692453801632
a6a24b90ede89fcefe9eb0384afcacfa,f84e270cd52d7d498f51a4f616a18c3d,0.397812664509
854feca0131b290b0e021f3aac09133b,6871f1827ec2a1ba77a6dfea66235d7f,0.0660362616181
8744c14bfd44279a3232188419e81de7,e0220ed5c64fafc3408185365b433d75,0.424431830645
8744c14bfd44279a3232188419e81de7,b0da06a748a77e6efd2e681fa2a75a6d,0.34857404232
b48166aec8dd78f1fc0a895629708dc4,939cfd024e21728455dafd7a7ceb8911,0.280148386955
fcf26f98c06597af227a9e4f8d645555,f1d9c01e04af01d2dca49e478b07b484,0.00323937204666
74c2500538153c48aeab85d2f4310a0c,53430c40aaf472f1b99a4581ab50d9ac,0.146334379911
5a1315f95129a8a2837bf99345c9230a,b09da53289b9177a03f6ee6f06aae989,0.0922572985291
90159be0a07e383af52c76f8853ece00,bf9926d84e3496fa6538bfdac4ff41af,0.135847881436
d62b301edb1e85bb9b8b6376497e3e71,6710b12971bd1a20ab33277f572fa302,0.133391574025
292f77a4d9ddf4e3acb540893084f380,58150a9684bee5c6a1cd5297b1178d63,0.127731189132
a28cbde2bc35cd3a508d5bfb1bfebe4b,1cd9c5fb845c850fb5b277f4f27a3b9a,0.392311990261
5e1c71f167757f5ac88b9903e2d69c03,9a3a2f6fe1ad81ae1a3c528f5410e2a3,0.0742851942778
082d68444c80187b6199cf6332549ef8,bda7c86b34aa0b2d42d7b415d8c83f89,0.108164176345
04e2dd677f75f1bf12f028ee4b68e6cc,97bc557e368ad870020df0aa4e082c5e,0.317378938198
866050db6fbea1926475b0bb2a739b21,f512f421db9cdaba3eba35e3113d0e60,0.179582223296
ebc39f3e10eb15e72425723776f01967,0ec082616756a8635071a2fb29c4e389,0.145708426833
2c3661b0b890656d9b09a9fe68c4eb64,171bafac8f11aa9f6a03efa48b674f7c,0.265513062477
0ba8c662aba60e981b90304ffa8e605f,5d813c773d8c639f4aef919e7b52af7a,0.155782833695
0db04ddcdbd114751b38bfa6bb643f3f,f31a80082653cb9dfed9f1ec865e0ea0,0.172800540924
87004d7e8758d3aaa101adbe8a9a5516,1b6a47dafd9cdeeafc2849efc021fd00,0.200284078717
592efdae7fdb4bad701e6ed1d39ef1d6,0c7a264b4932121a582effd0c9bae39b,0.139062687755
6b600dc64d5743be10a611318dc58d6f,9629c7d6d05787b78156c3a35a16c539,0.125049293041
fcf26f98c06597af227a9e4f8d645555,d6e095b80b55202c1ff66ccf4ee45e5c,0.00428292574361
b5fb1a05dc8d61b1c867f6825600e2f0,36dfbf962608935435a80379b6349fe4,0.200158506632
c1cea070f50462c12c3ed70587c49984,94ae3c7b94a864c818a6465eac0db02e,0.166932657361
1a8d5bc46faba6483009db74a66a888c,7c31e792e17aaa2980bdfe5c133e77b2,0.218740820885
6f8b35223d4f6a4c15a4e4aa0163bdf5,409465587953be203fccec84c33579b2,0.175386831164
1a0067cf8097d03aba090543dbaf2d1e,d93ede7b11a51a34ab210206edff6e9a,0.147184565663
9c626e81bee20eb2ad8ae313ee9e6865,c53b7e63b54dd846b4e956913bcdb713,0.339517980814
257b005c873edd2ecce5dfe105a7b3ea,3fa6da1a78a0550dee6bc69a27ef4503,0.078241802752
58b2e77265859e3bde1d55bee87f7a01,8fab3f3b6218b590adf38042c0c2cf4e,0.0837460011244
ddbb8120582a89c5971f46364c804c34,63433f6b0e781483ea0a7835ba9f7d3c,0.251461863518
941d181f71cc229e3c19b559ea3a0171,52ad202098ee1593c001203e47dde09a,0.202351883054
cf1351f7f39c857337dc2ac7ac718e8f,0612409a8a2f381989f8d8e4ad359619,0.1115648821
45e9b63a02669e415eac87872ae0aa8b,28a9c17d318b363241196a0cdfe2010f,0.05911590904
c8732e2804a7971b6a7e94c035031033,9ce728b114264aae49f5c38950eea401,0.107342474163
eb401f7bcfe56523a8d862dadb579ef9,fc1661f3a5c97943ceb9493cef83040e,0.114693008363
c4465cb6a82b9ba96b9e9506b47a7a61,8f4b71074aab51c6315942ad1a657928,0.0973028838634
fb798182eb9e5ab6414bc96e38c14938,d2917ff19055959b50b49d883ab98887,0.00122856243979
6cec81ad8ac017499761716dba02563a,357f21ccbd2d67935bdd982578b11667,0.121122621
eed539c81c9f7dc8e81b951027d6d09c,6dd4d0ac6bfe5b038fc292a00c55e6e1,0.19419208169
3e02df792e8525a7e7570e2adae452ce,181099577b102016dee7327f907293bb,0.177171781659
6f6885cf5e30783cf4380493d0716a2f,588d3c2a992679a2978b395793899978,0.174097731709
1a88fa778d98407c1396fb87215ab511,75cdb65e6a6ac490a3f2c6787ca8f44b,0.0257399659604
3149923d07a4116225382ab4e94fd600,cedfc2d8bf3b45af0230a7ef85333097,0.201715007424
e1d273518b2fdc2c1d6320d6b8aeaae7,f2a5474ef27454796038c8acf3053c27,0.159712433815
70edcd6df6d80be049e7eb75fa967a42,e2f26d07a75a264458910f0a8cea064f,0.0464633852243
08224d8227aea7c7e55fd0b3dc50f4f3,72e568f8d5f6e1aa62e2fce11e37150f,0.199977636337
88f144232c4bf6a42be4252101d9c790,5ca55d5c4a1d9b432cc7a228f0171732,0.400906890631
08c3a1126c25abdeeb66cbb7b033c03a,7effe26b9111ea2edea0b24f66350782,0.141346231103
11214e3a0b482b08e02d7931a6e33b9c,6cf41145ed310249add04c959d7f4b18,0.203766226768
5c5f254a2f6ade54491a3a5ed59ce508,049ec658ebade04ed24ea3b51d42a888,0.157732665539
04f5b6d497cd0059f8f09a9b3563dcb2,5cbe8fa2e5f52be71c1a246257955da1,0.22004725039
293cc6d1b914bc381c6cd29476524216,eab6d62873f94c6c30166d11c945974b,0.0761408805847
f7874b41a2e5c1a92186bccae0efb602,15a615ec44bceae7591d535ccc32a636,0.260931909084
6208ed4e3bbd67eaf52acbf4fb40436e,287ee4d7bb8d28196b120675303ed07a,0.0888802632689
0ba8c662aba60e981b90304ffa8e605f,3e8566bf4f6318ade1cdd6491099cd60,0.0819423124194
0cbf2b2abbccf91fb20c82b6dda9be0a,fab8cdf0dd5002fe9b7f6b9b229cf9fd,0.300604134798
14ab779837b4141c051ee37e05b74657,34e5b5d080f9c3e94e7a656f4b64b385,0.289209723473
04e2dd677f75f1bf12f028ee4b68e6cc,1077edb598155504492da9fbe6750857,0.170629307628
3ff17ea4b9925fb15441556f2624d98a,d1de74fa6821f55478dc402d4d8506a2,0.0450499951839
e0507f951f3d34c7f694b4055e5f093a,18e9db48c8913841657e8c43d80c1773,0.0952302515507
edfa0fc3937418e64efab547846a3249,44aba049f2cfc69b9b93116ca27f150d,0.213853433728
28dec909163688b31e9defd4a0d1cc25,628b3a578621052d38268fa2a1aa4f1b,0.0967093110085
b06674d5f2135b4f296d25677a795f80,0f9789d5310a71e04c3a81ca3489182f,0.467731446028
010517db6a45f2b0cfa6e31989d019d2,3b4f253055fd45d832d7bc97d970de50,0.289224982262
929e035befdd897e56565aca83b56e46,5e5a0157094404ed221b86895d1d8b49,0.142262741923
c46808db2c95163cb14702dcfdac57a1,b821c9ac5adbdab77d615b7d1c218434,0.271217465401
9e6c51fb5076226fa554dd6b41b12a02,64d96752da9884e59268cf708f473be1,0.35645544529
f18ae73279e854ce6a3c993b012ce690,fd27fbb0f126afa1d5b7fcf73847a480,0.561625480652
05591cb936c027618f664b2cb05874d0,6ec8182b8d1db47de707e98392da846a,0.154281526804
35e530c88d3f2b24e2c93a5e5133538d,ce54dd10b99229f2a48b7475fe3bd5fb,0.115242987871
1b195120c80c0e296fa68e07c27a9fa7,8f47336943d0a52909b9ae3172d007a6,0.0598265491426
5e57e9bcbe111e4bf06c607bab1b8d02,b246bfd13c80e546541ade4330214e0b,0.129689410329
09f6c9f6cec219680ceb59052e7b748d,2d4967559f7d56e449b738bcb5817162,0.119678869843
b9f42782973c1b20304c85e59c011091,a46a4050f818ec0c7a6f46d18586d71e,0.0735717788339
055f88b9239d79ef8e19efa2b60eebda,f655cd7009852a2013905c4e02fb5417,0.234478309751
753f20664c60f11c2245574cda827980,0236e862a78882e2a6e7b8b59017f396,0.243655800819
3bc18dfe6c50d587e40a0dd8592ddef3,fec4a2a4ee971ec6e500ab927fb6a8f6,0.085770919919
9c4896ea4e732055dc64c339f6df191e,198c88fd058d58ea87a745d5443ddceb,0.189077675343
d0bc8045f78bf840763269f8bd2fea26,22792035484401a3584e1fffebcad77e,0.126270130277
0ec2391c963bded5cd83975ca36819a7,b5b6a7fb1eb8fa9fd58395b0b3c9025a,0.109725080431
f20d4c2bf14232f75c333b82bd18f145,8b0290b8e41ca007851a83b1ab514d42,0.169648081064
0ba8c662aba60e981b90304ffa8e605f,9bd92280f70e1a36d5e8e0e86abcc816,0.171908199787
761577186fb8405e91437bfd415b98fd,5c9ba04ebf6bc27458fa80ed267db71d,0.270110309124
11214e3a0b482b08e02d7931a6e33b9c,ced5c7fa97313e495678773595cc0286,0.226183533669
0eb98b92ba8c8e5c0045a6a22161882f,98b69ec025b6ce571e027b46d97c0d84,0.617832124233
9c626e81bee20eb2ad8ae313ee9e6865,aa6e0082d1ea14ca7c8331715090d1ac,0.326936304569
3c1b57ed123a88979b1f7b4525782935,7fc8ea573de544cab1b338aa386a4bb8,0.172193109989
3208190ab82b7621a7d9c6d3ab8687a1,e9a00f9100137f1c54049763f6c7c5c8,0.194202244282
db3778be088b983db4231f06b307ac61,d9636917fdcc9fe38d2255140f7c31d9,0.147808104753
06c0a87a84f9540ab433f48633e33f1b,01137883eabee27478ad1eb36de91eab,0.156132355332
2c0efffb45d7f4d6523f9820914b5b56,f449e88311537092f4f6df1e4f19903d,0.0237406697124
d0967802e2f7789ffeefbb2fad9a9f15,6497573439a31ffb9da5d79fe81eab6b,0.155426830053
5a1315f95129a8a2837bf99345c9230a,1acb7c8ce32b9e8e1b010f3d9827a9bf,0.137196704745
592efdae7fdb4bad701e6ed1d39ef1d6,32442edfaa5f70aa64b97769d1aeae4a,0.18464833498
0f9d946582981098ce20e3fe5e3ea879,5bb3dbc98c7a949837b921f99e61b6d8,0.00414138706401
b7d073fbe49b5888cae6a76ea5a937f1,ad8f48bc83e4f9ff11b4fdf70090be1d,0.131379425526
c7d3cf77dee47b077564c29a95a0dc69,aa6b06572edd3c33d5ce1824969ee004,0.104932010174
1f3be604a940fb25f66634d36f29c166,1de9a73814d30857d724a94d1803eafe,0.190430760384
f272f0c97decf953e0e06d763859b1b3,f6f5c36c89f7aac7ea8f8e616e52fa9c,0.348237156868
858fba6e339c85758c2eef4a95db6cb6,c4ecedaada5e145c3eba64fbe3315a59,0.20726840198
12d16080e1fcd5770bf9125ba18ab77a,4fe5a94a2f49d0a37351d3095fbc56f9,0.00274142529815
5e57e9bcbe111e4bf06c607bab1b8d02,e8dad9c043f4319b262775526c966170,0.121069855988
dbe95e580c111b5b7c2b941853198d9a,32330cf31422a0b46e2aa6a9a6a37094,0.0234906990081
11214e3a0b482b08e02d7931a6e33b9c,2dd33784eee37dbb984355025ec57264,0.188970565796
ceb088e72765734ea84953b3c4fbeb24,99ebee4060b28cdfed37835b17765927,0.156891256571
4915480617ec5468aa3a9e4de00f20fb,d0292312f12c0d5905fe9f2160ca18a0,0.0705900937319
bf99f0a03a1691c6d7b279b430ad236a,ca09e777b28eb9c7c77e49036ad76fdf,0.228010192513
3fe9ac8c2da84c9e43e136032d0df415,5ed604197d36daf0ce4a3c3f23c9267f,0.189717084169
1e23bc0970a2484afbf9be33c6fde409,669115d4ac07c7fefd6961a97904a6d8,0.234997659922
b06674d5f2135b4f296d25677a795f80,779ed5cac34ce57254ecbe4c6149db89,0.525298297405
1ad66efff3308f251766913ec13909c6,6ed8bfe14bfa55928f3dffe5def5d928,0.127122372389
e9cf7430e60c4fd09d8432318913dabf,38cec15b69b94d503877ebd7aa9a34a1,0.0286345742643
7c2e295d2cacddebaa51744449240337,0a67e4d8b9120db9aa3e2d3f63e772ae,0.112894929945
19f5698b4e7e4826353d97cdeedf7532,cf030d99de48cb0b2dbb5b450ba3f4f0,0.114815503359
07faa2f0c6a1a7a002d779bf0f1a69a2,9e6d7293de56696b561ee0e74a4a058d,0.115398392081
d20afbed4fbad068f7e99993d2a1fc34,d1f3122c842ea3055ad71f9f580c9296,0.243355020881
0ba8c662aba60e981b90304ffa8e605f,d9d545cfc28f4ecc5b6bf2cbf9d08cb0,0.17052026093
e98ae16b1a3e79b432e2566f8bc91d31,c85c3dcf474c1820b5fbc3a907b24930,0.284434556961
3d19db9cf13daa08cdc1275a1249e0af,2f9e5076f81df5b8fcf2b2bd2af670a1,0.200606808066
0c36ddacaa65d73894dd86b2f86372f7,ec573230b2f8e942acc2b3ab15e9a311,0.190674200654
406aafa2e4335fef901c482f869a7e61,0e53d26b7d04464c3c7a9baf3f1f5357,0.110893510282
f6fb3003c0eb76637523d071d32ab73c,ca22c1f046cdc0e547866f163b0a0c0f,0.338702887297
9dea38d51c4a2e0fa4ff2b4ceefee1b3,b63faca2c554547e17615b15bea45d63,0.676418840885
14ab779837b4141c051ee37e05b74657,af44c0f4e31f15c26bfd05bd31cc52a1,0.625683426857
b4876fdf46fb264d38e60a46f157aaaa,bc677fc39500e3879049c65468211df5,0.119544588029
c0e85b59a6f7dbd92c489be1aea97b20,dc7c773e5fc8ab2a86d26c873d0b92df,0.0829965397716
5e57e9bcbe111e4bf06c607bab1b8d02,59119e4da57574b8d64cdbc7118b8c75,0.131072118878
86185bc7e54d2b830611e6610881ea0d,1642231ccaaee5d70f4196b9dae4fb60,0.12258797884
0ba8c662aba60e981b90304ffa8e605f,1b2cea527d22a80f1abc9ec04ae95940,0.198945000768
ae928aa92e5d662e3bf82d976e445123,78f8b3ea6300dc0cc58a18b2c1fa1610,0.295505344868
34441db60a195b310024d040100d0fbb,2dd166ba24c9229ad56bce9118e9b6ff,0.137440443039
e0507f951f3d34c7f694b4055e5f093a,fb75506b5719d3b122035ef64e6ef772,0.0923762917519
16c7649d2658236e5eea90531437e719,f77834447782a20528a3fe56b84bbe47,0.203194364905
cb889fbba27c934d1a6797cbaa459477,a4b6d7efd320a9c9ed19407afa7d9f5a,0.145773783326
879747afa0798d0291856861fdc73ece,0df098f0bd39ab61bef179ffc7f84306,0.111553415656
168304fd7743f4fa8258e4327faa74d0,44892960c500260653b3aaca05fd12a0,0.225452363491
a0f8bccf3c2d8c16747f84da24890cf9,57558cccf9a3fba0b012418acd379024,0.331357508898
90e9c53b7aa209109c295a85e517ffa7,a1eff4943a64bf2aafc55481e6f17d7a,0.0943963229656
2b12f0dff11aeeef01c1ed3078e1eadf,6869945e0f3d204ce9afaea61f3a5c7b,0.108131118119
1b195120c80c0e296fa68e07c27a9fa7,f6d531ab7fd1ed74531a3f5b13542f52,0.0668267607689
14e30e7e44c9663f4d65ea7fecef38b0,d4ff990cdb4d745a8a0b012b681a2512,0.122569680214
9c626e81bee20eb2ad8ae313ee9e6865,8d5b090eda1b9b693ddecb462bad8ca7,0.34014827013
33d7f82eb8eb5b02aba9fc1541e1c71c,45e62111fdaa01594e76315f750b8573,0.323115825653
b1d442ea9b3aec778913dddfe4a76f54,11a1e16ed119f6bf027ece83321a1cf7,0.24859778583
5b9b8a7daaa0b07bb9566975e8cb0e91,086a69e4dbf1cf40344d790e54ae25cc,0.29321962595
0ba8c662aba60e981b90304ffa8e605f,833b4980e2403d75327ae3701e7c268c,0.102108754218
a259f13f8516633ab48883796887c5bb,b7671bfc4f32320053db7ff8df47d7f3,0.129888594151
53d07bf9a6dee4f39499acf70aff31a6,26c4e2a561d3279f520d6c13550d9cdb,0.211485460401
06e8a63ee88145da1913fab66ac21737,2b46ec1d5c135ada7bd095ba297ee4bd,0.255187928677
8d3300264fc0c71e40c3fe02923c75ad,25c1569323a02afefebf9be6552693de,0.124442659318
4ad1fae2ec3e50c20856189e9c345f17,faaa6f16101a35f5407de963d3a7d2f9,0.196190014482
6928456febe78441e4df6dfcbfabfe73,5f908af2bb41371270bf4bed046717f8,0.0914913788438
61d224f3a6b0fe42eff572261fef6322,bf44482e1385db311ab5ee4d52c75216,0.269965469837
9ca313d8c1d9e65f3ae5fc640fc09a17,f036093536976a61921034986f770102,0.108087800443
b06674d5f2135b4f296d25677a795f80,ed695508daa2cbe3971e336f07174568,0.382788479328
dcceafd5804f02fe433d23100bb5563d,20461bfb499fc4a41ae1881ab5494df8,0.188686221838
6208ed4e3bbd67eaf52acbf4fb40436e,d9f9fbeac12057d169a3ac4ea28d8a18,0.0411804616451
79adf26c32ced4e55865e2b7cad4d303,c49cd692f24301f7d0ed503f6dc04aed,0.275820314884
383f241b3e9fd6e6b9753e6287b50d1f,814ced5edcb4bc6ac103d125a6cd4172,0.085178360343
bc98328566d5ff0b550a42bc442f0294,f5cc1d193add19277cea2ad21493d0d2,0.237459599972
59b623938dd0151436e22f2cf65462e9,99a0ce6678930d18eec796ad34b64f0d,0.0201848652214
d08ec4e8f6285b12636dd9080a97a00e,3a8871faa52ba93ae6724e3ca6d715cc,0.0671906098723
06e8a63ee88145da1913fab66ac21737,cbd7767cb467b79c3aa0d8782af3e269,0.22398249805
0db04ddcdbd114751b38bfa6bb643f3f,8521dd67687c8daa3ee395a7c8752f83,0.148363485932
9cdc9288627a2159274ca44d81cf5ce4,414ad8661cc07498a3c35204f9fab601,0.247116133571
d23d9c0151ad4f3a54daa2a823fd61cb,eb4910a14d6774041c7d75d01f0f3a31,0.0971799939871
6dd3cb1333adc6ddc9118e66bde0fe7d,df9562c53215e1a8eda257d1030fa3ac,0.109104037285
07d04c31bf58c3ba6e8c1b738eb3b307,fa3f720c9508561c0bad9a1afe10d5c1,0.298386991024
d0d8d09e62e6fe9ced3a843406c21bc3,037f52b56a508075622cf1eb57581d42,0.0466099865735
facae7d161373471b4578b161fd0bf6c,41525496776e09e497768224f977804f,0.186954751611
384395726be71b7fa1df845bcfeb7bbf,3072edde585ccd8ec9494bb487ee961c,0.170306518674
866050db6fbea1926475b0bb2a739b21,73b80fb22e8b56cab16952346a3d345d,0.179633915424
efc77bd40c9a57df2ac882261f00efa0,98fbf00f6a0cdf5cfe98fad845c4d340,0.11105119437
26d118ae68ed1a25bf687fc8583aedcd,5c310532810aac9a0d66e7a08b4b265d,0.081144541502
5a07bf23bef23fbcbac6c52db020ebef,b8bdd86f507c5f737509ab701799fd58,0.271283745766
168304fd7743f4fa8258e4327faa74d0,89720c88f587952ce447ac6748357db7,0.244773700833
b6a9b7f2acedef609ca3f1987561eca0,cd8141b44d7d97bd70bb63e06e5d346c,0.390331476927
b258e1716f0bdb1ddbf18495a1e2568e,225d5460e0a32c727d7265d94cfb7d15,0.276820927858
cb889fbba27c934d1a6797cbaa459477,138ed433e871a809d8c1e223eed7af3e,0.292855143547
d4663e4f285e501e7183e3d1a8116928,ebb87fd28ee97053cf1c728a04234a9b,0.230461627245
e9cf7430e60c4fd09d8432318913dabf,2bdc5d520b1cc8fbcc34e7e1a0624c9a,0.0302066802979
a273a4c933c8c9fdb23ab1769076bf55,dd785ff95944e1b0b95d603b28fdfa47,0.297751158476
11214e3a0b482b08e02d7931a6e33b9c,3b2eb9854e0dcc045ef3b350046c6223,0.204274982214
47ef950bae615018a956b1683da91643,664bad0d0d9ebec0101e1af12f1c0105,0.0722445845604
1a8d5bc46faba6483009db74a66a888c,22f332df3d2c7d15d01ee0e3b50fc2d5,0.34270721674
62c59670adf5650e55d2d66205f1497e,6fa7e181d26dcfe763fcb861e6fb21bc,0.00110482389573
0164996664a8219bb62758fba59912b9,ec7174a3d9b75422faf057bd7f22050e,0.20372338593
01d080f207365268d57ea15933c2e563,b62aed37f997da01bc175a94afc31630,0.185487195849
2c3661b0b890656d9b09a9fe68c4eb64,50af7ca44bc3cff922c0bf8034c207cc,0.241669967771
6dd3cb1333adc6ddc9118e66bde0fe7d,abcfb2be3df76a166d7aa5cb09011c25,0.101267084479
3fe9ac8c2da84c9e43e136032d0df415,d702689ba332ed37a929b8259a59acbe,0.196217492223
fec1aa474f9b1e0dfa2148b90c2c6e58,5f94381d85f50d38f9dc3d3f5e24d779,0.0612644739449
899574cad9ea13cdc6274bab448e343c,15c26b736d8f17875b2d624731693652,0.0928801223636
cb889fbba27c934d1a6797cbaa459477,62213b2803581b82b10f479f50368212,0.201438769698
14e30e7e44c9663f4d65ea7fecef38b0,19edb2ea47067e3b70a63d0174003bad,0.287977904081
d52a7277414139f47a6c99f506988066,0ef8d8992a9d6becb6d5a77632166e22,0.137733802199
522d05141cf3b807e17c3095acf48198,66c25f311dc7b0577b18689124c2da33,0.463137924671
70edcd6df6d80be049e7eb75fa967a42,d652b37cb78b8aa6f159803eee6f4017,0.0526099763811
233c39945814bb72b8243d72445ccb7f,0c5ac7fdc30a29e846c6b8da75b44f4a,0.139454901218
08c3a1126c25abdeeb66cbb7b033c03a,938ee94e792c47b2ad6417ccf936ca34,0.484722524881
1c1244acb898d2078d505730df5b5873,2d8f089bd1b7b044096e6cea47e37190,0.370459169149
9d86517a6124c1ff790d90c22f1f27a1,76529665dd1058edd31fb07b8a861d7b,0.128606930375
316d1ad4914f535380d20d85663db358,aaf08a4bc72b2f5d134ed4fcacc5a86a,0.228986516595
1386d3c5a20852f10f069a4974f4a693,293f8361eafa44194ead2b82767595b0,0.180530756712
811ffffbc087b945093b4b79a67241c4,03629d9a8f21b4831492fbd8a8895bef,0.0759277567267
59b623938dd0151436e22f2cf65462e9,1e8fb2b6382e2bf2fac55bf395ddb96a,0.0260565392673
08c3a1126c25abdeeb66cbb7b033c03a,1611ea52a72207051f6572eff5f1d5f9,0.19131359458
271086b561f3fda3675aabf7c2833203,012ed2b12d575a031372f1f84b8db30e,0.758954167366
883da48f0c41fd8bb22a1c4e9df30cbd,d5bdc89309af58bb8816df1e5f29a596,0.240939289331
04e2dd677f75f1bf12f028ee4b68e6cc,c1f5d4d6eca48999de13a3c8517ee873,0.17822137475
07faa2f0c6a1a7a002d779bf0f1a69a2,75f77ed38bf43d6fa143e80112e77c3f,0.118530318141
22a16c721dbdb1a842de574f54aa2ddb,aea7502d0bbd049cb82ec41d3cf8746f,0.241615608335
57ec6c62fe24b8c7635bda95c83c0c3b,8668d12272c10a63e70913c62124e1c3,0.0349426604807
5caa0dea53e7f842f16794e1ae2383a2,95138737bb57995d9ebe68a81a9e7066,0.0840489268303
d2913a9314ecb92436e9777bb93c6a4c,6ad796e77997f7e4a8dd930f8c4b8ccd,0.11067712307
04e2dd677f75f1bf12f028ee4b68e6cc,75ae1a8df9fb9972e4b2255a7dff2370,0.182828471065
e9b3efed976a4c40dc7047d97880b59d,101d88ac516e983b42f80b2263e10128,0.296042859554
32c4c31a0ee00866fa43f6809f087114,524af1d726fd4564f78079de4e39f911,0.159590631723
14e30e7e44c9663f4d65ea7fecef38b0,2aa3fda1e12d1b2d87a31d3ed5d48ffd,0.093113578856
7029c1c8a733ae25f1eb81649b2c107f,049ec658ebade04ed24ea3b51d42a888,0.13881444931
3a602f2857f26e6355e8b440009c10e9,fa74e711e0691e0c013ffe8da02a70e1,0.101820401847
8f74aab78a3cf6cc53ca4f396481fb08,125b40df06ed30715704c193a26faf76,0.585247457027
97e58d2cfdea7400f94f6ef1ff93e89a,059354b6b82983ae0d02f688a898f7e4,0.105929069221
f8378342eaf2a637dace59343326ae3b,c0a9d9246e2331640f08bf213d694335,0.230590060353
c76cff5a259ade9b0d41cb9de158d9ed,128f91cd2714ace78a289b4c20c92fc5,0.0890402197838
ef32d39b22c63e7cb8832ef63d4c40b7,a16d4db1aad773acfd699015373f4701,0.194511681795
481081f9a7eb598a4c78dfcfdca64c15,49cff758a7118c0b5ec3c08dbfa1619a,0.055077187717
c966bd0a92300ebde7d83ff1ae5999a9,afd2b3556bde61ff9632dc3e3fd00c15,0.363128244877
c51b2bc4438db3c1ca01fa76d549bd5b,f193d2a92b1b87ddf5ed5614fa78b532,0.10176705569
3e4445ac376f991a18cb54efeed4ac86,b3135a9c98b864afce989b424379d305,0.0991040170193
312a3fc4ceba31827e335b6e6130d0c9,e26d14c0fd1a064e16ffd7c88edba417,0.295651048422
945c1d21efd0f06bd42a3d36ec6c6f22,a7a29caa3d8b7002182c313e7c80e3b2,0.142433717847
858fba6e339c85758c2eef4a95db6cb6,0da252893741d7899fb1ab20b1f7948d,0.121027030051
b14ceca9feecd4444e97eb2cea0a00a5,ad0bd7ce8d9a4e871769bb15d0c398f4,0.153693243861
6db2cb9bfa09dca736fc3a0426807b62,f3c01242a6bc8d569f97825497f86394,0.117869652808
35a567fdecb3a006ee9d2740cfc991a3,e516f30c23e42689dc7981b9d0143a17,0.0554721094668
067add5fe256e466d3eb0fd91ba3ced0,08e2a7dcd2aea72fcd0371d2ad06b730,0.194151729345
168304fd7743f4fa8258e4327faa74d0,c2553d0a890a96345dec36160d50040d,0.275729835033
389ad3c0f6335e7f600da567d2dcbc6c,2cb2015e3596845efd5c8cc55d1ae851,0.274680882692
2503299e3ea35ae7792001ec137887fe,51196c9d1ead8a603edb6c44bfc6619b,0.156200110912
b1e31ec6bc956e2b36720e5b09dc5395,ba0f8b1e5a3026afce630d88d2797b71,0.463322967291
0ba8c662aba60e981b90304ffa8e605f,ae581e7f7c5b8a1d155351a5a765ad3c,0.268608212471
0ec2391c963bded5cd83975ca36819a7,c8cd21dd39e57567a6b99885c50800c1,0.106541074812
1431f9e43ff5d838d4ca86b870696277,0c7a264b4932121a582effd0c9bae39b,0.160527974367
21727e9c6fda8f45e70f7f23708f8b04,91bee87d54e9aaa76617c2a37dc23d54,0.106684759259
81036b48cbfa151a603dcbbdcd85e91f,06c141e55b3c43f9010516733dca61be,0.202083870769
0bf1d1d2188fb104cfcf0821ff8ddf3c,8346791c8e6e6b4c4449a153cf28e22b,0.323024570942
109f6578872dcb79c52b41b78cac1cb9,3d10c977cfce3edb92319a81cda95ee3,0.28532487154
71a3fd3d3b2304a27f031369d5be1aed,c5ffda3e1b3c5afdb5897ba2b4b911c4,0.511100888252
6928456febe78441e4df6dfcbfabfe73,dce2e1db8c3ecba6f139613af4977e5c,0.0883763432503
4bf42a6d6075bbc14a01d616dcb8c54d,81d430bb0bc341e366f5dc01b2099199,0.0827321484685
b3a17d0d5dec3e589222ad1699144240,e9bd61b38a3af8091ec551a3d343d643,0.0251960176975
534911f4501deddcf524dfec245a31b3,0e105dcfa23a7b6405e76fc8c5a370aa,0.0915899574757
0e2d9e204da3b169392c18285ee17590,c076e3d77bf65b46b424b6da401387b4,0.134934931993
cd1f24f26e9c956d60c0ccf1560752e5,53e0cfc517c86c0ac194171021b14ef8,0.10040884465
39b1a1378c26f578df075d4a2dc3bf7d,5e0ea84c8ab94655064a110a0239c7ae,0.273470699787
bc9e58f871f22dc16dfdbe816f08e205,d69162d1c001abe8e195151ae2504b21,0.159892305732
19f5698b4e7e4826353d97cdeedf7532,2a266694cfe4f4fe91b7fe20a574276e,0.104045294225
9e1ae6a119f10e6fab0ad05bab975079,1fa886be67f5212466a08f84cd3a776a,0.26865541935
16b40a8833542c083fcfa63ea2935171,4185a3ffa3fbf0d6ffc57a43da5dd6a5,0.251460909843
b67544e70c53ef59f6d8a8ad350cbb58,96de66fb29182bc4b0dca2ef401eddb1,0.0934653952718
44b0e819340ba7d0b955ec9662eecb6d,6573b9ba3151ecae2a0febae45c68eab,0.296313196421
0ec2391c963bded5cd83975ca36819a7,5420920f7cacaa9bb7c53e4a9313c361,0.096150174737
b3a17d0d5dec3e589222ad1699144240,4c5e3ee83f90a4f33464647dda2cbda1,0.0367420502007
b2e1fb62791fe628ee897056ddf46018,0ebe84aa1fe86783af1cc02d4f8d4d1b,0.040579944849
d269d1844923927a38e11afe0edb0330,00d7137de1a18d96d2ab7d2f3048c7f3,0.0546680875123
361d931590ff5b4282749f3a241fd071,9c58bf5c35b58bb3d44ca96ae8259f87,0.153910174966
7690d01f33b2ed322b33af5d31d41dea,d5f096825f5b36d2830a51f77e412363,0.153333485126
1ada2d6aa0081e2ae73ef2ec9d81e6c5,cffbfeb7a6ebb10d500cb097b0814f2f,0.170157968998
39b5a440152208e2d83dcc77c38a6122,be63f3725069eafae215f61f204c5917,0.183289512992
a6b638b877be0e637f6091e6c72704dc,40384f5bd1069a47fc330a4b174e8b89,0.0261635202914
d4f6974bc1f346478cb79c06e74ecc2d,5a2f097bae9c366d17ba91cced3793c1,0.0848686173558
b06674d5f2135b4f296d25677a795f80,6cf621af44f2235358fcfe6af6de3f57,0.46150752902
4c589ff81dbec3204adfcd9ebfb74179,093bc70fae56bd23a05c246fe8df0e43,0.0775687173009
055f88b9239d79ef8e19efa2b60eebda,d1cda223f3728c0941f4333fc00859bc,0.250536233187
f065d19759a9e828bae651a5889c9987,99865dbb385d1c7ad3d6285eecc13a48,0.00641918228939
e0507f951f3d34c7f694b4055e5f093a,5a2b31cc7c0dc81d938235a06cb72863,0.0789365768433
b3a17d0d5dec3e589222ad1699144240,64c14cb4c5d67c62497ddb076241cac2,0.0130384443328
5411eebd3318d214542f5e76c7f8eba2,81d430bb0bc341e366f5dc01b2099199,0.0879156440496
9ca313d8c1d9e65f3ae5fc640fc09a17,18a86ee7087ca31102375ea034682efb,0.12810254097
3bd2d5d79554ec40cb3bed998156d51a,1295997df61ce0e4be0c2b67dd9ad3da,0.253793984652
45c48e110b4576bda0db25e58efe8baf,bdf5f78074dcf5a3723a281f55cdab0a,0.139876961708
6208ed4e3bbd67eaf52acbf4fb40436e,b75bc9da0a76457a07760e6527ee5eb2,0.0382179282606
0ba9131f4772c954f891a623fa4d75c5,947b27b7b1bdd008493251fd8fec1c51,0.00208776374348
843639293d367e50b4333e5b4cf8a606,bd3a8a5e9e012bbb486894be26eff3d6,0.141673609614
6db5b3a72a76da2958859f26a9b0707a,71b563e252a29df7c32284a266ddc021,0.144172340631
a72b5cbadafd75920c121c98ab8553d8,ec90bd9e60c0bb0f981f465fb9ebeae0,0.0365960299969
70edcd6df6d80be049e7eb75fa967a42,2e9231179613df68d188bf5b8ccc9c5b,0.0434777252376
99c7c0c132c7e8284a5c0c8485cf9cea,81a62e58ee41f6ab14879e99caa04f14,0.337183684111
55f16b4a5fd613ee15e5173bc69e727e,cd32f2965749249e30e368650d8c3486,0.139466285706
1c1244acb898d2078d505730df5b5873,3b778b24c089b2738ff9c02e264cae7c,0.335416257381
9c626e81bee20eb2ad8ae313ee9e6865,a99dbd4554df7199a33e0fbdc93b0ac1,0.386414468288
168304fd7743f4fa8258e4327faa74d0,20a73393eea3d482aff96b2fde77b0b8,0.240715920925
0929854da556672c1725020fb3ee73cc,9b8d57ca3a43bb37aa01fcd35d521933,0.142585024238
74ccdc8a9ab9688dd5c8e7515a650be5,9d1a7c842a388aaebdb383852a8ea459,0.19134747982
80064460161acac96ebef024c176be11,fa11d8bb0b422b205551ffc7ccb3e734,0.153765663505
02c6b4d8b5322c8d7e526047ecb3d734,e1ba0c06bea956cf45e927841f0a762d,0.0023682906758
b2ccf77e6b13aa51bc0e1e00faafce19,1b6a47dafd9cdeeafc2849efc021fd00,0.168481379747
9597ef3d2f3cb9a69b558df74b192975,f436cde5dd37bacaa516a59027be5ef7,0.199089065194
bf143d966b33805d362e08c419cd1e0c,e20e4493f4e950605e03f22e464f9a09,0.144979938865
a6ccb1c11e374eff1e1051c4dee01c6c,f586db091eef0f0550c2893cbe6e27bb,0.180491387844
bdf2236e0903c62c1ae3bd431aac6529,7d9170a38757699083032fc130bf0a5a,0.240347653627
1ada2d6aa0081e2ae73ef2ec9d81e6c5,a9f55c9aa5f174c0f362e135c7632623,0.176180377603
73e98ed2d6d6ac0d62618ee97d032079,356dc53d266d91663ce41f225046f990,0.1443669945
e0507f951f3d34c7f694b4055e5f093a,ac204168afff20a27a99dd348045148c,0.0591269284487
de354b946c68fa07a6f38098736fd25a,400aae4a958c184a5b7552db4dc8e175,0.194370940328
2206482c7af9981a33b9967f69152218,0311a042c65a567c735f19a3ddb8b54b,0.00202246429399
055f88b9239d79ef8e19efa2b60eebda,989b09e526db07075216c2de6a33d669,0.235196694732
74f11dcabf3f0dbef2b180683e2b461d,7152982de1821d9ccaccafc995cf24a9,0.171638652682
c7d3cf77dee47b077564c29a95a0dc69,c7786fb4b730cb7f48a2874198613297,0.214781954885
599bc8c2d8a2f0273ae861dad73c358f,69cfd7ad7c9115221a3ed976a0674e40,0.0363632440567
2e93b3643d375a4427cc25e9cdc10656,1d0a72922523053018f3375d87b75b6b,0.081829443574
0e2d9e204da3b169392c18285ee17590,012f1103d3b9d5ce3eb02bc4e5e2c8fd,0.108700208366
cb889fbba27c934d1a6797cbaa459477,4525609a625783c032b86633909bdf97,0.23406393826
a32660dd8e8b5cfbeafbfe49c88d852d,5f5127b16c733626438795bd7a7ded67,0.204874262214
54aa2c8bec4191725a416e26b5219b23,fbf6ef0ba21f40167fa3fdfc84ec7dfd,0.297406286001
4c5eaee2142c5f36a5a0132768742d4d,87c5d71d21e24e549a4e7272f036db68,0.309439688921
9c626e81bee20eb2ad8ae313ee9e6865,b403d12c86fb9605a180c8b601c12579,0.377003878355
1a459b357d096c1fde44dee0e355ec64,7b5f27f093e16596725175836eb6db74,0.170488268137
51e1f3cb4663c344b713cad67403d406,171fcbaf069cb218656b1de67cc5b14e,0.117325499654
44b0e819340ba7d0b955ec9662eecb6d,49de97fbceb227cfa7785dc28e7c4897,0.226346209645
fb0cba8ed5144afff85bf764e1d758d3,791d0a3f39ec0702aad387c6a7b004df,0.171276181936
88f144232c4bf6a42be4252101d9c790,e3ad7e4ac7b852b3f397558c0a816284,0.14741460979
b4a795f9ea0f2f3a14c49320a5be4760,9023d0ef57a9c80698238f4bc96cde4e,0.100376263261
7ef4247c39abd85ac261ce4a9ce99bb2,2e9c7d46687605db6940c840cb7ece66,0.108691595495
f609201ba64a6ba0792aea798c923078,25c1569323a02afefebf9be6552693de,0.0846012979746
ae51d0ec13604a6d9c71d32b0985aee6,25c1569323a02afefebf9be6552693de,0.0994667112827
38cc349d98f85e261e30e55e439425f2,3bf2f2e82e032d06b19a5df3d36597ef,0.289240777493
879747afa0798d0291856861fdc73ece,59120c25ce374c1d732e974a314f7e2e,0.157666712999
11214e3a0b482b08e02d7931a6e33b9c,a24b7554c51da9606a94dacbe0d00377,0.100838817656
aac5db8cf54a1b0c52d6413fc5c1f75d,1ef9bd6dfacc856bb5ff055e401a5194,0.202542364597
523867023cccb7a839b3403b21768786,e5b4f4375a37405a7149efd945ca2dd7,0.120799593627
4c6027b9896943328b12216037d30d3e,3d10b4faf6866d3d808e2af843a3b82d,0.209645047784
68cbd358f49b60046c0d7245f6834cc4,86801bb2846fd15c160aaaa190bff011,0.113665409386
1e23bc0970a2484afbf9be33c6fde409,8592b85c0edfd8557bf162a8a6498a38,0.243428424001
5e57e9bcbe111e4bf06c607bab1b8d02,8596606fcb7d683ee1e0ab81ab899167,0.144761666656
978a5daea70e49f034ea8f8b53267469,79fa3a33986d4ea2e60cd40158e92808,0.271173804998
2418388eb82f3f711687694215f05a5d,627910643fa1176e5c8f7d27ed25f993,0.258632391691
6208ed4e3bbd67eaf52acbf4fb40436e,83cccec4f5fd08c13ccb8724ae2d9409,0.0929211825132
6d4012c3437b0a209b41f312f88f74ce,f1ee3771b454c2775cb1d33bb8d990b3,0.100765965879
2c8114aa8218d3499b70e2d74e795380,d84d54c2c380b7a65081539724e5a53b,0.00237874942832
caf2a1c7ccc066b500fb45c792010e7d,4fd2230595e2dc8fd8efff2e1dd15a62,0.216162726283
dc0827c9558b445c042e9c31965b9654,5259f5af187694411ab73d2dd7200aad,0.11788534373
97c7196b6c25a6a51869022f6796c191,50840e22b7a2043f7acb33b17db08a3e,0.174780681729
b48166aec8dd78f1fc0a895629708dc4,111b2618f7d552a8cbd93e008067aab3,0.283217400312
e0507f951f3d34c7f694b4055e5f093a,dbabfb6d60a26bea7adeb8fee6e2cde1,0.133744329214
b48166aec8dd78f1fc0a895629708dc4,c3c8d41c42fed8a45be04a0e60bb1cac,0.25334534049
5e57e9bcbe111e4bf06c607bab1b8d02,24fc4f9dd7a35a6fbd29e0207269d449,0.147256463766
48e0537f8923f3d91e4d9b68921ba81f,77be425c3b0e6873ae082a6917da5754,0.157481089234
dcbbc23d0cae3b30649b57a5cb1c5c55,da8c17cdebc9eb040fc8967e85da874c,0.226216226816
488ad306df8fbb8ef4c7fc9e5e999ebf,e34d025fef40efef6e5c9c683f62e57a,0.187746584415
d2913a9314ecb92436e9777bb93c6a4c,bd65227da1c110de1617c19630faac75,0.125238195062
10776e083749cd201685d882c111026f,85b25d6257e0f9d679f6862d68739a4e,0.207406148314
51e1f3cb4663c344b713cad67403d406,2df2a7c922f2fac3c5d4bacf1d03849e,0.0972064137459
737d2730dbec4f4e18fdf4ccfd66a656,32a2026043cd582befa75defe86b3e2f,0.125771328807
25d769e0ee4a62e21950f36dc1bedf6f,33b700c41e6cd53741b8eca23f1c95cb,0.0933767855167
22a16c721dbdb1a842de574f54aa2ddb,c2fd8a0472568d40894bb29976da1c14,0.268344700336
d368af917b07f21943e4ec955e257777,0f4926c143c5db4d005fa75034c1e3ca,0.229976698756
e8d34d431a41d8b6238472a5ddf0e592,ad3e209a642a4e1130b361585ce9fe63,0.0775270015001
96f2c971670d84acc94ca7eb1d187cc8,2023a71190c181c8161683b344211b8c,0.247371584177
f4102b4c9b0c0b1d88f093c05e39c7e9,2b8a5f79b979951e3ee3f85ae9121e2b,0.222598537803
ea01c80ad106300b3e387a9b780e4ef0,79caffeb8d31a9fea17b9def74cf810b,0.106944218278
efc77bd40c9a57df2ac882261f00efa0,9577f52e0f337736ca5eb420e21e1971,0.0541177950799
b1e31ec6bc956e2b36720e5b09dc5395,352d6816c1db972974ab539b9d80c366,0.440630495548
09f6c9f6cec219680ceb59052e7b748d,f2fce49b4680544c0addbc4fcdc735e4,0.129287555814
5e57e9bcbe111e4bf06c607bab1b8d02,a380856c7d421d5545c4fd87caa96cd4,0.144846811891
b48166aec8dd78f1fc0a895629708dc4,9129053a748294b1eaf38dede7f839c2,0.227530121803
95ccc8646371a33288bb80a523290131,4344406bf3215d9b6f61d8e50e796d5e,0.577234387398
055f88b9239d79ef8e19efa2b60eebda,fa4116a2a23bc441b007a01f79d04f52,0.209353417158
44b0e819340ba7d0b955ec9662eecb6d,bcae2051d8ea58f1d31ea93de06565e5,0.303460896015
80064460161acac96ebef024c176be11,88c53dc078964a8a32dd3a795c4bf852,0.146912753582
374a3aee598db2d4d35357f0d71eea36,20297014ac54c6978f8653f6ab62b375,0.284010469913
e1b43a51412f20f325ef9360857a7bc4,aa59fdbe40dccd0e2f2f9297f9bce7df,0.19083507359
45c48e110b4576bda0db25e58efe8baf,a687f44e2927d5b6ddd558de4277fe42,0.127840951085
ff060a84e6c21c72ec4eb4191a18ad32,3f0baa0e087c08d8c71dbbd9825c05ff,0.273725271225
000e1e2818667b69584d7c4cb776ae62,22e452b08caba1d10d6a00a9e146043c,0.0769035369158
90e9c53b7aa209109c295a85e517ffa7,918398f488ca1d1ab5dc4af158ef6332,0.061991378665
dea106a634c4cf8f892ba9821120d114,dd2d3d8bc6670aa392c8393b15035727,0.0637264996767
168304fd7743f4fa8258e4327faa74d0,5df6832ba8d6590ed50055e8ef24e1e4,0.137641683221
c1fbedfa1075a41a0139869af8c1441d,bb2c0bd335708b6c5f4a258e22a46d9f,0.253477632999
dea106a634c4cf8f892ba9821120d114,cafb2d68dffa4a6101b42a017db3e094,0.0618066862226
582adfdcec86f507b826a8a6140b878d,6eb9b5b73bb0f742085ca54a184d2a8c,0.228041261435
51e1f3cb4663c344b713cad67403d406,e5ca80883935a4f602843f230f61e5eb,0.0753190815449
6208ed4e3bbd67eaf52acbf4fb40436e,0fba4a3ef712df9b6cbc52cfd25013cf,0.0469380877912
2344a9747f49f665ac7216ed9a1ff0c9,21b86926fd4d23b012501f4d17b4c879,0.121728949249
1cf8d96723594441acbfce159a0d7dff,d9636917fdcc9fe38d2255140f7c31d9,0.280396044254
cd6f3e26fc2b1bd0c5570d2e37a24641,9aafe6fdb9c1e97f365ff9d49e4b841b,0.0274636261165
10cf4de1eee5609dc0bd62feee691750,73d27992f530573e0ccafa09063e337f,0.0925076603889
386ea72d3d2b3457028e7e4565dfbbad,3d1e6c254a968c175bfe2f1df5888835,0.180829226971
20cc3ace5d5614c76cd00ea8a734dc3f,386d01612b0aed746731b51adc342383,0.0810450464487
3746221166f830c504a1701b787f130b,5c3a8a0bdeea839db5082c388885a2d2,0.215417429805
4eafd3ae22d6998ba5ee916abcb01e05,964117f1c59ea57cde70131085e6cfe5,0.224623799324
74c2500538153c48aeab85d2f4310a0c,12f0a1e692ab8c3686e0f1ae4880ac05,0.151807337999
08c3a1126c25abdeeb66cbb7b033c03a,a0114578ebe65e70a0c23f2603b22ebe,0.153973445296
ef32d39b22c63e7cb8832ef63d4c40b7,b06d48f58b4cfee1a6f216ec0babbf2e,0.208195745945
d08ec4e8f6285b12636dd9080a97a00e,224efa5d8b4121462a15f0c07ee94c87,0.0696265175939
4bb1096aa92ed3a61a1d68e4c5b5957e,1e2e4cddab25ee622ecfba85dcebb258,0.0402263626456
109f6578872dcb79c52b41b78cac1cb9,2fbc5f544378e814a9c2853b1fe7cd06,0.264876276255
5d38b9f88548c33f499aaf70d48090ca,b4020b625806c3ea390b5134697a86be,0.179681971669
ea40e1ca84b24099091ed35cc602ce9b,0238934f522d9cdbb9a86ec3549bcb34,0.0118723483756
49f2ec067d8ec7f9671789f1465d66e3,5447d287aabb354b7b50d3cef143a53b,0.0803796723485
f26f271cb409afa46a4c1926aae504da,28ae12345fa65253ee9cfb88455a9510,0.0836761295795
16c7649d2658236e5eea90531437e719,2e26724b225852f95a769a7cf7f38b09,0.184974268079
07b2868c9f9a7aeb78ce6576fe98cb92,4a2cab24638f74c9481e390aa2571be7,0.135893136263
d2429b1445f7e930b21acc064e928bae,b6b5e603457656d1c8b1e373fff42996,0.216434627771
44b0e819340ba7d0b955ec9662eecb6d,90e2b22f9cea929ea1f803a16199470a,0.222135573626
729df8eadea52597a20172d3ceb841e4,bf84498c249dc2a94b461eb33c6443ef,0.165862008929
4463579c6b7ce407d3966fe86d810b6d,1289b62fa97d44b3a01e4244250cb1d7,0.211048930883
8030cfc1ce393d71e63994873e920183,9275720a1e6876d5ca1e39b0487e9ded,0.252130925655
04f5b6d497cd0059f8f09a9b3563dcb2,c6c037b3f7ceb4c0ef6ae28adec05248,0.168465435505
caf2a1c7ccc066b500fb45c792010e7d,2c079b7ec3b8efd9a6017bf355f03a79,0.198432743549
8744c14bfd44279a3232188419e81de7,a782e11c5dc3792bd6641a292db42d98,0.199554413557
caf2a1c7ccc066b500fb45c792010e7d,f1bb3c06d359064b89e1a017771011ef,0.172979801893
714f4cbd30071a9f5ba4be7e61a0b91e,ace918dee8a9318b0e12aeb5fdd91ee9,0.182836189866
66c483da2a2a4dc7204b0299cdff0f02,0ebe84aa1fe86783af1cc02d4f8d4d1b,0.0220278464258
398f7053f7c0f72e21740377da9ed259,28ae12345fa65253ee9cfb88455a9510,0.113689243793
226a43f0113a2bcdb7589b8dd2764dd5,12ebd0b842d7e40255e0f04cb392e9a7,0.0842286273837
c510e99b457340110db92656fb53aa32,bc5dd3986950955f13c510ec9333deb3,0.0751466751099
cd24b5054ff2a638fe8ba78f7728c615,f1a8048aa9ad239fbd9374b7942e73c9,0.0991604179144
5ccda79c9bca10dc20a02e3cce29bcd2,6c9ee49902cec5aeca1dc28bbb3ea3ff,0.105610094965
3d19db9cf13daa08cdc1275a1249e0af,3314d9455885368d8d643c3b4f346ba5,0.167362198234
85758b24540389ec0893dc00ce95cdb6,11d4e0d2e9b47bb1b655772c2b47a832,0.183443665504
b569011c4529bc2b1ecad91b611bde44,bd23cb12dbc60d26dab8786029549738,0.101851612329
8a32f6f0c42c1c695aba2c2c3fafcbff,12d67ddfafcce478cecb473ee225ef1f,0.220070853829
f684d86b4250d67e49bc9813b385d561,3c266326415786632eec6198f934ce9b,0.0524749457836
047863c3e432367f1b67d4224edcd734,dd1aa347e47d94286cdb9c4851b0ed3a,0.217738419771
3e48a76fc699ab1418bb4920e5e409b1,0e6fdf5c526fa863210ab2e1e1841de3,0.0702768489718
10cf4de1eee5609dc0bd62feee691750,f09ab93755691a7f181eec5237a0115e,0.0799744352698
3a6b9bce20e0ad837521a7a5ae161a30,f7454c4c8aeae5fc73c1103712e819f6,0.838574528694
d43400bba0bdd9491d8046f4a6072fa1,c1aaa3422b25f148d874a7bde7ff1ffb,0.0135277956724
dc1668a5758713e8743f7d5dfa316d7c,05351e8ee5a0d8ce8011056fac47403c,0.119290091097
b06674d5f2135b4f296d25677a795f80,5054bed5aa736f94bf622bad55b38276,0.518240571022
6cec81ad8ac017499761716dba02563a,a93dee481b2cbec11cc5c5e0f3bfda26,0.120074428618
707475822c52524bea3a1d147b60047f,a58548de65e8113fc3fe4632108d967c,0.252949386835
cb889fbba27c934d1a6797cbaa459477,46496131f7d2c7b641c5dfe87c7bf1f1,0.211058601737
cb889fbba27c934d1a6797cbaa459477,eb355d7edd363dc061ceff50252732d2,0.211996197701
1e28dacfdfbc17e6df612a8131601e7b,a53f2e030ff3203dcbf2f8b2c81b9be1,0.108463801444
e0507f951f3d34c7f694b4055e5f093a,1a250dbec9f9208ad7d23eb2138bc39d,0.189634054899
d2ccae2ad5c1b40f6e33496a8cc605eb,f42c43e6f5b67b287aaf904f6faf08b0,0.284433245659
cb889fbba27c934d1a6797cbaa459477,01608c26fa6d76b51d217f6ee7614d89,0.149518296123
6595d9f72b1bbb119ddb3cd0c6131119,60358a6bed01c0bd700947b6e85a3d18,0.35448038578
44efd93e396624f9d60c012f2ca7464d,4ce3eb7a5d47c07a92c943f70bbd4e77,0.0786324515939
5aab9d0f1d3db4d4c2c49f8b4a327489,cc58752512b83f6b7f3ca4b75500dd2a,0.138928249478
e6649ef529c902f897175810e0477297,fd3e5695c2511e27a22b6524798fa776,0.248254641891
6208ed4e3bbd67eaf52acbf4fb40436e,314da625314e800c2157a6db4fdc09a5,0.0903964117169
2c01f0b5099ff495edfafb87fb96067c,641e8a97b36f0c3f7e9d626c408fd772,0.0484206527472
cb889fbba27c934d1a6797cbaa459477,50688d33a6334e2d2c46e85293e0b9ae,0.147887468338
5e57e9bcbe111e4bf06c607bab1b8d02,a8ecbc59b6d43f6c6e77beeedb335fde,0.101176202297
ff060a84e6c21c72ec4eb4191a18ad32,171bafac8f11aa9f6a03efa48b674f7c,0.311009287834
193b8ca552803400adf52782950b7076,e06bbb8fc426b8d0b305bd46b7e4ebcb,0.352062642574
aebb949ccbcdcc52c16e5573a73c378f,3318b3ad0497d3d5a9333aeb40272faa,0.110107250512
485a916ae420b61fdae1356409ca78eb,3afb1dc3c598091e925ca706edc8776c,0.146126508713
22891cb28e14d11ade99b22788c17c3b,12e0b4ca0068633fb8c90b30a9dbc068,0.163986310363
0ba8c662aba60e981b90304ffa8e605f,7f2e18e81a39a5f41a319f0ebe875982,0.179273709655
16c0f3ddb7eef276b5121ade3eee32a3,df9562c53215e1a8eda257d1030fa3ac,0.0824418589473
b5e65c8731c09417310e2d3c9c473419,be495557f8954ac48dad0e526086c30d,0.0687492117286
4d3080fab50fd3e4c55822cd1877310f,2a6e0829e8affe2a5f4269af8b5fa59e,0.153909802437
d17cb6c01e29db89b8eeba25d012a31a,649108182616b88caeb4f8ce2fed4b4c,0.105323173106
12444d69b4e6ffbc9d0a42768f5ed0bd,78d34ad4e70c52ebaa613ef15abd0652,0.0625492855906
ec27f20ecb3b607e9717abf751dc97e6,65e651505a0994d4299e6aadfaa4015c,0.293765097857
2dceb0fd34a3645fc084d1044bfa787b,f2a5474ef27454796038c8acf3053c27,0.160896420479
11e9488713e0ab86ef3a7769a7a12526,5e5e4a19cd18e06cb0af2e59b81c1e34,0.201384022832
08c3a1126c25abdeeb66cbb7b033c03a,831cd4f8a11c3778509cf3bb30fc07d9,0.168741255999
8b9c344eb214cc9aa2fe23a34db3c308,e36ce4bf4ce37fb71094c3b0a3aa1a57,0.180661305785
9dca81c9b8a9b1a9b9dd80d6e8890378,859a14a4540d6c4a9b860b91904b940a,0.055262286216
870b1a29f31c4ea766b5e367d3121820,6bd414e47f874bf72b1f2b5cb4377625,0.844404220581
2f7e92168e317aabafe9774b8a2bdd6e,c961f99bc3cd39e6501e675b1ca21ab6,0.158900335431
14ab779837b4141c051ee37e05b74657,d03302336ac7b79e06b89263a55885ee,0.232761755586
f40d42fc002e8f312eded00c502ed3e3,12ebd0b842d7e40255e0f04cb392e9a7,0.0523963347077
a308f1eeca2ad100edfd4751565fe253,aa48e8c073891b0abc798930d29373cc,0.139515861869
3c74dac943e465a9ca09101b9e5cc185,16c6f79e40a0b9b4c606579d0e698adb,0.26678365469
f606484bee499b19c2622ba678064705,bec3b4e0f410c3811044e6f52c0c7156,0.229838177562
b06674d5f2135b4f296d25677a795f80,f09328bd8832abf2ce4a498d45a3b5f1,0.47833442688
b926e4248e62ff43515ce93aac3a6612,dbca27b485d20fe14bf01f4ee475c109,0.170512273908
d2429b1445f7e930b21acc064e928bae,27aab384ed67dbe911ecc0ee824e385d,0.195126309991
0ad714c3aef0a938c5aec9401b0556e8,2ca70d3fa9644e2b1a7acfe5bf241cb4,0.230756655335
a6ccb1c11e374eff1e1051c4dee01c6c,edd21664dcbba2f1e3cca582359e4e17,0.17191067338
f75af819d1c3482b54751a915b2c1dcc,7930455e1f2598036124f14577bd490c,0.236405074596
08c3a1126c25abdeeb66cbb7b033c03a,f62668231ce2ac2506cb169ac7332673,0.0933733582497
e6282c7b3aaace65ef7029474ec3a7a9,8a543b1bf3a712cf2bc38131890e92d5,0.0719067156315
4a94a79dd06f93b10f26db0825397e24,8288ca53d8e56bba9e21084212b88192,0.135018467903
3c7b3433fc66a302a3b27d1ba916c72b,8d41341a49100ff51191017530a36cd5,0.0594834424555
a7bb89a5c34a86643ee224925118cfb1,a6538b04cb1c2bcc3573afbd9240cac7,0.0751473680139
e5ac3b7eb3ac87e939a4a176f40162d5,7cc90b5e9645002bc8191b86e17703a0,0.253922492266
168304fd7743f4fa8258e4327faa74d0,838bb1fbad8b484a97191986c844a20f,0.234385102987
8aa682a85db0c61664a8dc52e4997c6e,bd96ef9ec59ab1885c28119eb96efe46,0.0864899307489
5e57e9bcbe111e4bf06c607bab1b8d02,ed33cea07357d14f7ad97f33e45490eb,0.133757770061
04e2dd677f75f1bf12f028ee4b68e6cc,9e146b418c4f52e567b531e5c94d99f3,0.177940189838
e03fc41de40785ac3591e1c507fc2ad0,72e5431a471c3ff664cb263ba387f924,0.245602607727
eaacc622cf903833dac2dd6a33defd35,05f028094f41ae999edaf517c68da4a3,0.108217157423
33f4da42f5bdbdaa4b1e0431e000b6db,a688f5425128516471bae269b7c19165,0.120623789728
3208190ab82b7621a7d9c6d3ab8687a1,23ab9062fe7038c7e8dd3868579200e0,0.207041338086
c76ec9419aa5aa8540a2e48a92a6cac4,d3336b172d2bed6df5c477ae57e4bd1d,0.196846663952
f79eda59927348788bad149b857273ae,da9f9f0916aaa9f453e12f612d4b4c24,0.0335048399866
b2739a870bc71589827e8ab89c18208e,98f9cbbd325a0e15d64eee373e6f0d91,0.10283459723
07d04c31bf58c3ba6e8c1b738eb3b307,b20079d5b804b18dc8d9c883e7284109,0.250266700983
34f07a59752822103c92018ffcce6042,c3d9f1a4939229d7f96245055f36074b,0.215876460075
8b9c344eb214cc9aa2fe23a34db3c308,16354e868c9e38672ba21b5d5af93fc8,0.1073763147
6cf76b4167c53de672ea34e65296c183,096269cbcdf5c147124ebb11ddd9ff83,0.0905215069652
eca2bef6691678dca0361e8eebed40cf,7f04812b8348433f1e571cae824ab716,0.0767356604338
1e28dacfdfbc17e6df612a8131601e7b,11399104383fb01205f7d5bfdf98b502,0.123001851141
d7777c477211a91893a689c60d9dbec2,8288ca53d8e56bba9e21084212b88192,0.229149863124
a28cbde2bc35cd3a508d5bfb1bfebe4b,0e8d2f7176405cb5574adf5e2c06a908,0.335168600082
ea40e1ca84b24099091ed35cc602ce9b,9e0586ccfe1bb1cbe2389b1c89d5e85c,0.00333046982996
bca5ea86afde3ebaae0a575de89fb12f,554a9b680e79fc37cac458013a30170a,0.165944680572
16c7649d2658236e5eea90531437e719,7b374090deec410b3ee09321ab79a69d,0.19033396244
82a790852215e15c5cbcf954336cc341,5ea28d1d89e03122a63d128186bed6ed,0.215514704585
caa413b9e2a6ea88bcedd0162dc75b80,09fa4526119af66b7938f5a14c056286,0.0874985605478
a57e513b91b3926a0ce199ba2d66fc02,ec2f470ac42882de7eb2b1da292bbe8e,0.0689186677337
6a0421731998d2a9d764e911c1139b96,c8da3040503d3833a9e2e615c8c8792c,0.10256909579
d36da301ad738b21bbef156fb22802ae,18e1b4a737207198a89f1fb986da43f4,0.00519175175577
08c3a1126c25abdeeb66cbb7b033c03a,eedbd68127474715186b18dda81d91cf,0.166756391525
010517db6a45f2b0cfa6e31989d019d2,4d0c5d4729a76b5caae42aa14dcfb94a,0.291804671288
7507dc5a65e73c9dd16a1c00847b69a1,9146840bda53f0983cd98b528ac631b3,0.122097767889
316d1ad4914f535380d20d85663db358,3a332fce9456d283e044e03be522c369,0.16578142345
3e02df792e8525a7e7570e2adae452ce,6b4776b7369cce75c143b8c4aa3ad8f9,0.217229291797
16c0f3ddb7eef276b5121ade3eee32a3,3506ace2f8dab059ed0f79b2babf6166,0.083977021277
ea01c80ad106300b3e387a9b780e4ef0,9b3ad512082d7eac04df277255351237,0.0355770140886
c4a14fb6e24c75b6dfba1ae8b316face,4fed1e8f97d01c4e9398a3cc9b71f771,0.129442468286
46f779646570a1e44f228044d18bdbc1,4007c47159945b57bec6047a73c48205,0.137730568647
79119f6bc35711f566bf19117c65ede7,3a7abb9ae1dd01af5d68b1092fa15f53,0.242749020457
04e2dd677f75f1bf12f028ee4b68e6cc,94d7bdbc559b766eeefa388cf76909b0,0.207589611411
c7d3cf77dee47b077564c29a95a0dc69,3523c0c3b6eb316532a1f0a8ee6d2e13,0.177076920867
3c24e25bad1601d73a3218f9d8c391d6,e5d1447bde716a43d31bbb7f23d230c0,0.296187222004
0bf1d1d2188fb104cfcf0821ff8ddf3c,5df846225efc61e896dd49140f93f549,0.309806704521
19c486703822ce8140c30a5996d2777f,4c176a52d04628c861eb1be1d7693c2e,0.086151830852
7ef4247c39abd85ac261ce4a9ce99bb2,6944a25f36100f571ccdfa3b78fc53ea,0.0981358811259
8a1e2a98762aa3f11c9d4b65338e235c,0e3c1cc9c15738ae42fa40b05e0047db,0.117443569005
1f10b0424252e860a2579352dca02990,b4fc424c3a4e354faeeca98dda131bfb,0.235291793942
75865396be69701ff99e9723cf6a11f8,cbcee8693792130cbf8757696290ad3c,0.187155425549
3b1b0829e43d4b5f9e384b28aedd5d48,43419a714645fbfd2224f75e0aed163e,0.0929749384522
4cacb7328df32a254d5c6c2560b51afa,dd1bb7504795ffba6ecf949ca2c5cfa4,0.00234145205468
b7bd518e31fea3a54c8cab46d6dcb165,d8a7ab39d1debd864d94c406f016a9eb,0.0360932163894
a00db820c3b00ddb16203ef4e3443c05,95408d8db2fcec9bd805cd05668e24e3,0.210908696055
5e57e9bcbe111e4bf06c607bab1b8d02,55fd3ae5cdfd51bdb509b6796d0816ee,0.125522315502
83d14f6a9b52664f58316b433f5da3d0,8a6023da69c0557b9eaf16a001c61fc5,0.162139996886
53d07bf9a6dee4f39499acf70aff31a6,79603858869445633196083a1e856c78,0.198884144425
59b623938dd0151436e22f2cf65462e9,be4f42ea4a5a5395ac8801d4514ba4ef,0.0182393975556
09de181118fa84bdbdb2ce476d858911,73f9428bf9c142a5a803b7957ea342ee,0.138773113489
fca6eab05e705f427f14d79eae5f68cc,924cb0be9800692473ce3b007bb11302,0.0591712445021
6c9f75d2986603ada6b29969b295dc70,ad7d52f67a1caa4e569b924c8f26000c,0.137115076184
69773cb728a9f2283133144e8db6a595,0d61780a25899eb8a3b2e46b7421554b,0.228785768151
8cc470e1c655b5bbf6e8684509b44205,60097eb0fa5a3b0db2f8425a4ce1b68b,0.180156424642
f05094c4dcc736caec5bd58f39e44206,16354e868c9e38672ba21b5d5af93fc8,0.214037448168
d269d1844923927a38e11afe0edb0330,f9d6d083dca5b5dfdb17cad52fdcede7,0.0578765124083
374a3aee598db2d4d35357f0d71eea36,ac6dbdee85df96e19d3ef92c0e52cfd5,0.214938789606
77e6f1aa5ee6d8c115fc38820c816e23,4f6922b04156f83f42255c9eaf9aab22,0.166213348508
a0c68bd81ec024e57277b071e47455be,3dca1e5cedfd11360981c0faf6156e65,0.0167636014521
e1d273518b2fdc2c1d6320d6b8aeaae7,f1ee3771b454c2775cb1d33bb8d990b3,0.0839990451932
90159be0a07e383af52c76f8853ece00,d1c4555cbab597cd36e262b6ad1e0dce,0.138266995549
fc1fffd6153711a9a6779d4f57c3d0ea,8b23e90597566aabdb13f4676a2d77cf,0.0556540861726
6595d9f72b1bbb119ddb3cd0c6131119,67c3fe2f54d4822749bc0c57a61538b9,0.169764146209
3723c26b1c3857b12d61f80f5c57b89d,44d4e414595595c8332942fcec2fdf85,0.0773030295968
a791277cc4a43f6834475a03c4b82287,0944d56e0950e19712f194080c20e998,0.0508821606636
94e4332ca677f2b6b3b4df0865f1d399,d768d25f2df62c0e5c2d853b6a313fff,0.0708020403981
63fffb79a1bb823d0017fb8cfbe2819d,67c3fe2f54d4822749bc0c57a61538b9,0.166081026196
79adf26c32ced4e55865e2b7cad4d303,10ff0f1e6692784e153985516ef9cb84,0.395732879639
21727e9c6fda8f45e70f7f23708f8b04,5ebe2d413a481b5fcb3936f2331ceaa0,0.0873877033591
38ef92a52a01bdf4a6ff09ed1389591c,c6705618857c4fb763b9317e37727a9c,0.231692373753
811ffffbc087b945093b4b79a67241c4,212f99a02b52799d9386ec37eb93ac79,0.141752168536
4915480617ec5468aa3a9e4de00f20fb,48c96f9898ab2b80bb6cc4f6aa8464fd,0.0802734270692
b72d5055d64b3e170fac30a9cd176e29,def19955133258373b9c862a60569b83,0.215429335833
175cffbdab5724159208f10f4646f2df,c146764424117e044c3190dcaadb7a68,0.127514064312
e6cf4e9a7d46109c5a950bab1ed98e1a,bf44482e1385db311ab5ee4d52c75216,0.0771159976721
fca6eab05e705f427f14d79eae5f68cc,bd937109048b356e2b7fe39de95dc513,0.0652256309986
98eccf91fc56498aaa3f0df216f0d35e,c0d5a521ad637dadfbf99a858f2aab6c,0.0924503803253
2e2c16193569d61da037db941d0d5e64,3588ae9ae00388980dee60254985c791,0.37476554513
109f6578872dcb79c52b41b78cac1cb9,4a0ebe8c428c098544e324a71d9454e8,0.260838329792
41af430507dd56db2c37e71ac7310dff,db8e195639c461a13bedc294d9de0cb6,0.125573009253
b10794c704a7ad5df00e19f1e97d5c8a,a136d15f0429d54a0f5bdb4624804ab7,0.178995609283
4a8ca2560ffec1770fdb53833279e74c,f714942231500953f53b67353a2373a1,0.175009906292
caf2a1c7ccc066b500fb45c792010e7d,3779d906d95bc2f721e4bc129205e28e,0.212414085865
11214e3a0b482b08e02d7931a6e33b9c,9fab025a5cdda5c42813558215315386,0.199081763625
b29587c4d8c357791f44563ab10d4a39,f1f155e985c27fe2c20020aaf80fc023,0.142385706306
8744c14bfd44279a3232188419e81de7,24153e96f3390dd8fa7d1a15b5a4fdfc,0.368952274323
f4102b4c9b0c0b1d88f093c05e39c7e9,d6d64b0b47403c50475eebc0bc1a9f2a,0.072033546865
f18ae73279e854ce6a3c993b012ce690,39f81d10a8c58516f5d88dec9fd098c0,0.40106984973
c51b2bc4438db3c1ca01fa76d549bd5b,9740a68a0375e1af523e8f3625e75048,0.654143095016
5c4b6d16f90e7cb09a7360eceae3e73e,a64ac457f76e132173691d5d8d4034a2,0.149213731289
09f6c9f6cec219680ceb59052e7b748d,3ee99d46cb388ca6fcdc77287c8c3568,0.119707562029
93e1d6f8a990e7450378516e6e8c08cd,a033f92eb977fdd52f4a5a6c51fa6e3c,0.174398750067
962efd17801c770789e10e8643f8c13f,b2874b9dba2cc47ee606013d1ef0da22,0.11585380882
0c36ddacaa65d73894dd86b2f86372f7,b380ecd68b5973fa29186c0539c27d29,0.207454770803
45ad28afb0150d238733390affabedac,6d63e324c7f2c22c6412201333894acd,0.135978147388
621e3fc92aee06ad5917016d2683f748,97f219746643b24c6a82ce44bc9a368d,0.0856376960874
a11a846ac27226af0a5c7c879181004c,0c5068ef56b7ff223a13b9f252d49cdc,0.147582158446
b8f80ac7bf4894c10f07d7ed4992cd21,90b8315e8bf8ffe219da08d38dbd4f85,0.183622837067
884fcb8a92a732687b9e0b8829ed37e7,3fa6da1a78a0550dee6bc69a27ef4503,0.107780486345
7ef4247c39abd85ac261ce4a9ce99bb2,063a5f11d8bd955e489fec56773fa6b6,0.100849993527
8f780ab5deed1a7a7a5650a0e621a4e3,7c9f6183118b258935ab8832c6a407af,0.0189151912928
9794655aa4814efbd3824ee7bea880f6,4eeec5019682d2fb5c615e9c81e98840,0.032660651952
c71bcc6a829a01e3561f6a7b44e6dc05,44c48e0fbc299b705bda0d0b588d6f43,0.0756187811494
3d19db9cf13daa08cdc1275a1249e0af,e22238fb7025a46b5c22de255ca92733,0.178629681468
e442c5ed2884dc1acef3c0577391b861,74b8983a042240c3631347ec25573cd3,0.0690178126097
067f5faa47575fa30f12e6fa8275679a,3dc5f9c187133c77f77bdbf9fbe2183a,0.13480399549
047863c3e432367f1b67d4224edcd734,cfc2ee172cc97235812fcd6959fe2859,0.296827703714
2f7e92168e317aabafe9774b8a2bdd6e,b6f8db52699ac2b824d4d9a9d76095e1,0.105670154095
5b9b8a7daaa0b07bb9566975e8cb0e91,0ae7f361f60fb9ac299a1eb3833ba8f5,0.307950675488
79adf26c32ced4e55865e2b7cad4d303,6a0bc9460aaa6f07f6b5317f63494567,0.309268563986
5a07bf23bef23fbcbac6c52db020ebef,1c35b51ee1f0a9ba1bc843ec667bd748,0.132306620479
db312cdb6221e48d4832524b532f8778,e46e0098cc696d81e0a58b8c341bfbb1,0.166950136423
05591cb936c027618f664b2cb05874d0,d55540278dfbedaa1bf51616dd643171,0.217460483313
91f030e3b9a01cd393119d537b4808e5,4a2cab24638f74c9481e390aa2571be7,0.20651589334
374a3aee598db2d4d35357f0d71eea36,4d956fdec0e15beef1e7be1f7b1e2d3d,0.101819492877
175cffbdab5724159208f10f4646f2df,42c44cae2c50c39acb45dcca309c0efb,0.143316686153
